,id,created_at,class,coordinates
0,37e369a8-4477-4d5d-acd7-4e3b8059586e,2021-03-23 00:24:53,Creator,"('36.76775', '2.95924')"
1,27cf0bb6-3488-4662-916d-3ad04eeec9ca,2021-04-09 19:55:07,Viewer,"('43.71032', '-1.05366')"
2,5ebd5e12-ba2a-4bf9-b7e4-92ad24711cd4,2021-04-08 21:48:45,Super Gamer,"('51.26', '-2.1875')"
3,30986592-0cbf-43bb-83ed-7501ab3bd373,2021-05-15 00:45:51,Creator,"('40.65538', '-74.38987')"
4,25b49125-34d1-4694-a4a9-8415bcc3567b,2021-07-05 04:08:53,Viewer,"('35.61452', '-88.81395')"
5,cf3d9013-6417-4ed8-9d02-88a97f00c566,2021-10-03 18:00:05,Super Gamer,"('25.66795', '85.83636')"
6,097107fb-58ce-4802-bac9-bf3c3522ed7a,2021-05-22 14:20:10,Super Gamer,"('58.7002', '59.4839')"
7,a6c660aa-6e1c-4fd8-b497-c22c81486b08,2021-06-02 23:26:02,Super Gamer,"('51.64316', '-0.36053')"
8,9320d367-f137-45c8-8086-09aaa1aa4253,2021-02-05 00:40:23,Super Gamer,"('41.29444', '69.67639')"
9,aa2744a0-c356-44aa-be91-1880afdc4f32,2021-01-29 19:53:26,Viewer,"('31.82539', '72.54064')"
10,a00b3d27-5cd3-480e-8fd2-7b108f16d6d2,2021-07-22 01:45:59,Viewer,"('-33.79176', '151.08057')"
11,03ef898f-611a-48ae-b411-319cd9d15538,2021-07-16 22:10:48,Creator,"('25.92127', '86.79271')"
12,2be68fce-1bfe-4093-9d9d-4381b307433b,2021-03-06 14:16:57,Viewer,"('50.23019', '8.77155')"
13,de87e3b8-3910-4606-a64e-66c43f4c6bc7,2021-05-11 16:14:35,Creator,"('55.64776', '38.02486')"
14,4d7f0af8-0bc6-4069-8da1-589dd9313892,2021-06-18 20:58:22,Super Gamer,"('25.87972', '-97.50417')"
15,d7f3371f-22a2-4538-a8a7-31d526420bbd,2021-04-10 14:03:08,Creator,"('38.37255', '34.02537')"
16,c9b0cc04-483a-4f81-9fc3-b5e7c98faef0,2021-02-12 04:13:03,Creator,"('41.55947', '14.66737')"
17,32dc8ca6-15ed-4349-a5fe-1f23a4605312,2021-01-11 22:37:55,Super Gamer,"('-5.85746', '144.23058')"
18,a1ad72d2-d56e-484f-ad73-14684cf24efa,2021-08-21 19:52:11,Super Creator,"('53.30972', '83.62389')"
19,f1b3bfbc-33f6-4fab-9bf3-c16005a1fa82,2021-07-06 22:16:40,Super Gamer,"('9.57046', '76.32756')"
20,789cd615-9e2c-4ab0-9fcd-1807218e3de2,2021-04-17 09:21:25,Super Gamer,"('4.94273', '15.87735')"
21,6ebb2249-05b9-483c-a7f3-68a6e2dab541,2021-10-23 21:20:19,Gamer,"('32.5007', '-94.74049')"
22,a7f28d5b-54eb-4963-836f-47c43f5c2e2e,2021-06-24 22:34:44,Creator,"('36.46917', '10.78222')"
23,83e0109b-79cf-4f92-bc69-1079e2cd4729,2021-11-15 22:51:10,Super Creator,"('50.75932', '25.34244')"
24,f9032c5e-37b9-42f8-bc5d-794bf894c5f6,2021-03-08 17:47:38,Super Creator,"('-5.85746', '144.23058')"
25,027a44cc-20b1-439f-b513-03720795481d,2021-06-18 10:50:05,Creator,"('0.76755', '24.43973')"
26,43b180cc-3681-4ccb-9d34-503f7f98a6d1,2021-01-09 01:03:35,Viewer,"('-37.32167', '-59.13316')"
27,ac23ef76-9e16-4680-a331-cdb395359874,2021-11-14 09:21:42,Gamer,"('47.98372', '10.18527')"
28,acba34e9-8ba9-415d-9004-5010bd48cdc0,2021-11-16 14:35:34,Gamer,"('6.46838', '-73.26022')"
29,6c7fca22-f2fb-47d9-bdc8-14e91f0d0c10,2021-03-22 16:34:19,Viewer,"('41.54566', '-71.29144')"
30,63a097fe-3b1d-4196-8f3d-793d48d40b7a,2021-04-21 21:56:18,Creator,"('31.76212', '-95.63079')"
31,658916ef-39c3-4e2a-878a-df1c71dbf471,2021-08-17 06:22:39,Viewer,"('51.65', '-0.2')"
32,32e47b31-a42a-4dcd-ae31-fefb2ae0a324,2021-05-17 18:35:30,Super Gamer,"('23.5654', '119.58627')"
33,594cc7a1-0034-4aeb-929b-0fe99362f8ea,2021-09-29 06:28:15,Super Gamer,"('29.65163', '-82.32483')"
34,0763ca6d-f50c-4ba6-bbc8-1690d51317c3,2021-02-19 01:39:19,Viewer,"('42.35843', '-71.05977')"
35,030934a8-a985-429a-99d2-0b2ab6eb3004,2021-06-18 10:54:32,Super Creator,"('50.50301', '13.63617')"
36,5a144e56-4a91-43f1-8b7f-3dcc39b10ec3,2021-07-05 18:46:10,Creator,"('7.6', '4.18333')"
37,3245d5a4-bcb6-435f-b7c2-7568837b07f7,2021-08-06 12:57:02,Gamer,"('19.21667', '73.08333')"
38,02b0f721-12ff-43eb-a860-0e3fed4e3d47,2021-05-04 23:28:06,Super Gamer,"('58.1908', '40.17171')"
39,b668c5cb-4a60-4e44-b47a-fa3469cf7207,2021-10-10 01:48:56,Super Creator,"('4.02219', '101.02083')"
40,f6e9f530-21cc-4fb4-a4e2-61844f38e825,2021-08-11 11:27:48,Creator,"('-10.95817', '-38.79084')"
41,f96d6ac7-f42a-4171-887f-ecc5638dcbef,2021-06-10 11:15:03,Viewer,"('33.50921', '-111.89903')"
42,6c4cd01b-b49f-4318-b0d4-acf3c8b4ecf3,2021-12-04 10:26:10,Gamer,"('52.14', '5.58472')"
43,978c3e75-c9dc-45ac-8367-c15c1fd1ad90,2021-07-07 23:45:04,Creator,"('40.66482', '122.22833')"
44,6e6bcbc9-2d06-4914-8603-9a6fb3f3d25c,2021-01-17 06:14:50,Super Gamer,"('9.6531', '124.3697')"
45,8aac0a51-d5da-45b7-bbbe-40b2b17d3207,2021-10-24 04:59:29,Gamer,"('11.00599', '77.5609')"
46,fb417739-38df-4fa1-bc22-e4ca7fe24575,2021-08-06 16:21:53,Gamer,"('-17.74431', '-48.62789')"
47,1401502c-3cbe-463e-8a4d-7134ee8603c9,2021-10-24 15:08:47,Super Creator,"('-29.2975', '-51.50361')"
48,39acf63e-c53c-43b9-a250-7a391070861a,2021-10-10 23:36:52,Creator,"('4.88441', '101.96857')"
49,79eb6c8d-85b4-4e21-9715-c7435a946fc6,2021-11-14 12:00:21,Creator,"('51.955', '5.22778')"
50,74378029-c86d-4edb-9835-d71fe7bd6847,2021-01-01 09:47:27,Gamer,"('33.41012', '-91.06177')"
51,6ed86ad1-75f8-4fa2-bf76-e112c48aa4d1,2021-05-22 08:05:39,Super Gamer,"('45.49428', '-122.86705')"
52,03f04c67-69e5-4841-b40b-d4635915e922,2021-10-25 19:53:53,Viewer,"('6.45407', '3.39467')"
53,9c6e302a-f963-46d3-bbb3-155f71799902,2021-08-30 08:17:20,Super Creator,"('36.53333', '136.61667')"
54,852d7a07-e8b2-4ce5-bf4e-8e31a3f7cd67,2021-08-25 07:07:41,Gamer,"('43.82634', '144.09638')"
55,e5c5940c-e7ae-4d68-a5de-c0b06d81a54a,2021-11-21 09:20:35,Super Creator,"('31.64615', '120.74221')"
56,9e75f24f-cce5-404c-afd7-80abf6bee06c,2021-11-29 09:09:06,Super Gamer,"('52.14', '5.58472')"
57,2cd4636c-122d-4c46-a326-9927cf4e0990,2021-08-15 11:42:57,Creator,"('-7.76667', '35.7')"
58,0ce93589-4275-4d3b-9a34-3fb03252be29,2021-05-31 10:35:24,Viewer,"('40.53123', '17.58522')"
59,814ed8ea-1c13-4757-9f77-38a9e1b61ab9,2021-05-29 14:56:45,Gamer,"('-27.4338', '-65.61427')"
60,000a9443-7efe-4db6-a4eb-56ca7a6ebe9a,2021-02-16 09:13:55,Super Gamer,"('44.85278', '65.50917')"
61,86324283-9564-49c3-a7ad-c08555353cda,2021-10-18 20:52:57,Super Gamer,"('3.51667', '11.5')"
62,33f1ae8a-8116-4782-a2bc-2632d1d7b10d,2021-04-15 11:30:10,Creator,"('51.84819', '1.26738')"
63,99e169eb-ef06-4681-afdc-d54e1020685b,2021-04-06 00:20:58,Super Gamer,"('34.95303', '-120.43572')"
64,054709b7-5409-482a-bd83-7178392ae6e4,2021-02-19 15:49:08,Viewer,"('22.37066', '114.10479')"
65,984c7b6d-1946-4270-ba44-7ca3849b7017,2021-06-03 11:28:50,Gamer,"('-23.7975', '-48.59278')"
66,0b3351f6-9b05-476d-af06-2f4881ca007d,2021-09-23 20:06:48,Gamer,"('10.61285', '12.19458')"
67,ff6c1a6f-3523-413e-9f5b-5c19c1a28d96,2021-11-10 02:11:15,Super Gamer,"('7.62789', '4.74161')"
68,63ef8f76-eed0-4d01-b645-8eb9c9b15a2b,2021-04-07 22:09:09,Viewer,"('51.168', '7.973')"
69,bbe10274-b67d-4c54-b4de-874ed4f55cd0,2021-01-02 15:37:59,Viewer,"('35.64889', '117.27583')"
70,1b645a5f-5cfa-4cfa-a8bb-5c5cfaee08a1,2021-09-04 19:48:00,Super Gamer,"('-34.64966', '-58.38341')"
71,0148ea52-4d63-43e9-a4b7-f3278a048e64,2021-04-22 22:47:56,Viewer,"('44.92801', '4.8951')"
72,bf8840d4-c974-4135-b56b-edf7334ecd9e,2021-04-12 00:30:12,Gamer,"('60.18427', '24.95034')"
73,8b6a41b6-af2d-42db-a0a4-0e1640136859,2021-03-29 18:00:56,Super Creator,"('34.5624', '38.28402')"
74,632fbed4-f414-4493-9676-6ce1e75b08fe,2021-09-16 05:28:24,Super Gamer,"('31.78336', '35.23388')"
75,7ba30e00-09f0-447c-b9e3-47defbfac2ff,2021-09-20 05:35:37,Gamer,"('36.21544', '65.93249')"
76,45aaceb2-ab4c-4e92-8817-1af621275c76,2021-01-08 01:33:06,Gamer,"('39.00622', '-77.4286')"
77,542b473f-f1cb-4c7f-b838-efc46ec00c7e,2021-10-29 22:44:33,Creator,"('52.86147', '9.5926')"
78,d29c9534-c77e-44ed-84ec-d74f6d7862d6,2021-09-25 11:35:36,Super Gamer,"('26.76628', '83.36889')"
79,9e971b6b-26d7-4830-932b-d0ad7c3dc890,2021-03-14 18:13:38,Super Gamer,"('-23.44361', '-51.87389')"
80,74ef3ac4-a5c0-4a37-a677-530cc72cf962,2021-05-10 09:40:53,Super Creator,"('52.31333', '6.92917')"
81,e64a5ea4-5d6f-4aa9-b065-63ca01e89549,2021-11-10 14:10:59,Creator,"('15.46063', '99.89166')"
82,702342aa-bd90-4fb4-8c10-86836ca1ea95,2021-10-25 02:10:46,Viewer,"('37.73222', '115.70111')"
83,b16e4938-6c6c-4ec9-b3d1-48eebed687ff,2021-12-13 14:22:14,Gamer,"('30.17746', '-81.38758')"
84,3304c573-25c8-408d-978f-c07b3dca80b7,2021-11-24 15:26:56,Gamer,"('35.50056', '117.63083')"
85,2ea9dba6-b3cc-4572-ba5f-4b54257de172,2021-04-30 12:31:43,Super Creator,"('54.03876', '43.91385')"
86,d27e9267-9382-4326-9d9c-e554693cedae,2021-01-07 04:45:03,Super Creator,"('7.50251', '5.06258')"
87,bd641787-987c-40f2-84e8-d90134b4bacc,2021-05-26 15:00:52,Creator,"('45.9836', '12.70038')"
88,1bd2d7b7-ba7f-4c7e-af76-51c3f0976ae3,2021-08-08 09:58:33,Super Creator,"('32.50611', '120.14278')"
89,be0c8b4d-4bcb-4aaf-9736-f5495f8f20a7,2021-07-23 22:41:01,Gamer,"('51.40148', '-1.32471')"
90,92233fae-d051-477c-bd99-58b80237f0b6,2021-11-27 10:26:19,Super Creator,"('48.77275', '5.16108')"
91,6a9faea6-0b25-4f3d-9e86-669d1e8d9a67,2021-10-31 23:15:26,Creator,"('37.71715', '-122.40433')"
92,f40c390b-2170-4033-8917-b4decd60dea8,2021-06-15 16:47:59,Gamer,"('57.47908', '-4.22398')"
93,bf2c17ad-b303-4a65-b610-febba4efc8bd,2021-11-08 15:30:06,Super Gamer,"('40.70995', '0.57856')"
94,56ed0585-d39d-41e3-bce2-c41db07867eb,2021-07-28 17:11:56,Viewer,"('19.32932', '-98.1664')"
95,6866fdb4-8288-4245-b289-5f3267562915,2021-04-25 11:30:06,Super Gamer,"('29.38242', '70.91106')"
96,29be5c97-dfea-4b1e-823a-8724345d282b,2021-05-30 23:57:59,Super Creator,"('2.2139', '102.3278')"
97,fa7c5c91-3ceb-4471-b986-6bb58bff36a7,2021-02-14 02:10:50,Gamer,"('5.90702', '116.10146')"
98,482ccf6d-cf25-413d-893b-f7676f67f0ae,2021-03-01 16:00:08,Creator,"('24.28859', '116.11768')"
99,3ea47f43-bdb4-4817-b640-610362b9809a,2021-04-05 23:39:00,Viewer,"('-15.675', '-38.94722')"
100,f8750afb-e3d1-4069-9fc4-f7fb7474a363,2021-06-07 00:09:53,Viewer,"('44.85278', '65.50917')"
101,12a9cc86-8b27-4f0e-93f8-43ef5de20aa0,2021-02-21 14:26:15,Super Creator,"('41.8542', '-87.66561')"
102,bae41332-2178-49cd-aff1-643258e73dc0,2021-04-11 16:51:23,Viewer,"('42.30865', '-83.48216')"
103,cf9874c0-b596-4a65-8b94-36637ab61076,2021-07-03 09:19:44,Super Gamer,"('53.63333', '9.85')"
104,f27eca8e-6f92-48df-8768-ac733859cbb8,2021-04-17 06:56:43,Super Creator,"('-5.85746', '144.23058')"
105,d140b61e-6add-4fb7-a040-87c2862caba7,2021-05-30 20:32:49,Gamer,"('32.61603', '44.02488')"
106,2e4ce6ae-a4df-49d4-9cc3-8dc2e66d56a8,2021-03-31 10:06:11,Viewer,"('46.51872', '86.00214')"
107,0370c1a6-293d-4bc5-b46c-33efcd764c9d,2021-10-07 09:42:49,Gamer,"('43.11667', '1.6')"
108,4e425075-2afd-4e2f-9999-529f5e75dbcf,2021-06-30 04:11:37,Super Gamer,"('40.93121', '-73.89875')"
109,ff2f8c87-f984-4378-8e5c-6241fd185d2d,2021-02-05 14:28:44,Viewer,"('-10.91111', '-37.07167')"
110,dadfbe4b-cb40-4bfe-a983-2d57f0030b60,2021-08-19 11:07:58,Super Creator,"('47.98372', '10.18527')"
111,63ed3a1b-c6ac-4741-b01e-d0699dba1de9,2021-04-04 20:36:26,Viewer,"('-6.91806', '106.92667')"
112,903530a6-d9b8-4f04-88c3-2588bffa5261,2021-06-25 02:57:03,Super Creator,"('51.64316', '-0.36053')"
113,9901ccc8-35bb-416b-bbe1-4f2bf0377e6d,2021-09-20 22:14:17,Super Gamer,"('-6.8048', '110.8405')"
114,64935466-6926-4c45-a020-ad5d7e40d36e,2021-08-21 07:13:31,Creator,"('47.46657', '84.87144')"
115,0ce92df7-d8e6-4b0a-8c25-9fe892cd0584,2021-08-28 07:42:45,Super Creator,"('50.23805', '8.86704')"
116,13bfa7d0-62b7-480a-b1bd-d08dd1da2b66,2021-03-29 06:31:18,Gamer,"('50.71229', '4.52529')"
117,0eb0b875-41f1-4ede-924c-5df6d4b9fff1,2021-10-22 09:43:21,Super Creator,"('37.1759', '128.9889')"
118,9e59d8b0-01fc-482c-b700-805208f4f44a,2021-09-15 23:09:49,Super Creator,"('44.75874', '19.21437')"
119,bf32c7a6-67fd-4b2c-8b1c-0c6c208a2667,2021-07-29 11:22:13,Super Creator,"('-38.16604', '145.13643')"
120,8a759554-0aa0-4b05-9334-a0093edc867b,2021-04-26 17:44:50,Viewer,"('32.52515', '-93.75018')"
121,aa0dff10-6794-4ab8-ac39-8e72037e0f66,2021-10-15 07:39:45,Super Creator,"('40.72371', '-73.95097')"
122,8ebe44e1-26d2-4018-9fa3-2efaa4356460,2021-09-11 06:35:22,Creator,"('36.76775', '2.95924')"
123,43e50511-d2be-4b64-b75f-3d1e7bc33fe9,2021-07-01 12:32:58,Super Gamer,"('8.62261', '-70.20749')"
124,553c8e1e-9c9c-4043-a4fd-6912b6152117,2021-05-22 22:27:20,Viewer,"('15.79408', '104.1451')"
125,debbdc99-ab2b-4f6d-b060-2c216821cdbc,2021-05-30 05:33:34,Super Creator,"('45.0408', '-93.263')"
126,1a1a700f-a044-406f-82b8-c9e4274c1e16,2021-12-02 19:38:52,Creator,"('21.34222', '71.30633')"
127,a52d13c3-a769-445a-a6d3-71f2ec08c0f0,2021-11-28 23:06:15,Gamer,"('51.40944', '46.04833')"
128,13e10ff6-fb1c-4457-b74b-6f981f228eff,2021-01-03 08:04:23,Super Gamer,"('6.25947', '102.05461')"
129,7fe1bb51-71e7-443c-b796-61299db54b32,2021-11-01 20:12:52,Super Gamer,"('50.75', '2.25')"
130,2e5ec1a0-75d4-4166-8e67-87df8dd93a26,2021-05-05 16:03:31,Viewer,"('51.26', '-2.1875')"
131,100d7858-2d7b-44a4-add8-fb1eccb4e465,2021-03-16 03:29:43,Super Creator,"('18.42745', '-67.15407')"
132,73ec1ac2-d148-45ac-94a8-9bdff51730d7,2021-07-01 18:27:53,Super Creator,"('47.30997', '8.52462')"
133,7ffff649-1a3a-4a53-a937-9ece3ab752b2,2021-07-16 16:12:12,Super Creator,"('50.64336', '7.2278')"
134,79367b19-b824-486f-8246-66edc94f7de2,2021-05-04 13:16:44,Creator,"('-7.0981', '109.3243')"
135,ba269669-300c-4156-ac5e-0abe81c7a764,2021-12-06 01:00:21,Gamer,"('28.98002', '77.70636')"
136,1b3895ad-05fb-44dc-af15-5325a6b0e2cd,2021-07-02 17:07:35,Super Creator,"('22.37066', '114.10479')"
137,4f1c5ccd-5189-4edb-accf-f16406d34225,2021-10-17 13:17:08,Gamer,"('34.4833', '136.84186')"
138,5156a5bd-d750-4a07-8ae5-6fdc39b0fa2f,2021-09-15 09:32:44,Gamer,"('40.67705', '-73.89125')"
139,0bea1912-8742-4e0a-a11f-f3776a9700c7,2021-10-22 03:00:20,Super Gamer,"('58.23583', '92.48278')"
140,d2639dd9-01a6-478e-a8f2-30f81a9364fe,2021-05-16 09:11:23,Gamer,"('39.45621', '-77.96389')"
141,cd72c3ff-b8f3-41db-8530-7c840fb79a38,2021-01-07 11:13:02,Super Gamer,"('23.0072', '-82.4017')"
142,59bcc3e4-7023-44ba-b6b3-e0dfd37a9a20,2021-10-16 09:55:36,Super Creator,"('6.95194', '121.96361')"
143,9bf611fa-73fb-4f5c-ab6e-9854d1c08f4d,2021-11-23 05:30:07,Gamer,"('25.6439', '77.9129')"
144,c64bffbc-7d53-4173-a0d3-b187b889c6eb,2021-04-27 13:54:33,Super Gamer,"('12.25282', '79.41727')"
145,1390575a-b3c2-47d9-aa84-89867fe9d910,2021-12-15 00:07:17,Super Creator,"('57.30185', '39.85331')"
146,5def1a1b-4eaa-4958-905c-3682c7c1b123,2021-07-24 17:23:53,Gamer,"('18.57677', '-72.22625')"
147,f40ddd87-bb06-4d0f-b06d-867730fd0413,2021-01-08 23:57:16,Creator,"('44.22639', '22.53083')"
148,5202cd85-2bbb-4dad-aa92-36ef1a202007,2021-02-11 17:58:49,Gamer,"('40.64621', '-73.97069')"
149,491849df-330c-4aeb-afde-c2ab8f207252,2021-04-12 06:41:31,Gamer,"('64.5635', '39.8302')"
150,9b473171-e8c2-48ab-b7a7-6b451d60ee35,2021-03-15 04:49:26,Creator,"('-6.25', '38.66667')"
151,bc73ba02-e53c-484b-9156-4060fd09ff31,2021-04-02 10:43:01,Gamer,"('38.55632', '69.01354')"
152,3b591251-db33-4d0b-bc47-96c9f13c62bc,2021-02-04 13:19:38,Creator,"('41.57439', '24.71204')"
153,a8204afc-4c39-43a8-b6c7-ef88992748b6,2021-07-28 06:55:50,Viewer,"('13.48082', '-86.58208')"
154,b61c42f0-8009-4d24-a7ab-b59c3c7af17a,2021-06-16 00:43:46,Viewer,"('2.41669', '30.98551')"
155,59d9175b-3df2-4294-a218-ddc41eedb075,2021-05-15 10:24:55,Viewer,"('54.84444', '38.16694')"
156,fe96fb46-1629-4e5c-8a4c-d244146726c4,2021-11-24 08:05:00,Gamer,"('51.39148', '-0.29825')"
157,92e83c03-7fb5-4536-98a1-fa8e22f1444d,2021-01-01 15:15:48,Super Gamer,"('-7.73379', '113.69785')"
158,354d9d75-5c50-477d-9aeb-aa5bfd137e3a,2021-01-01 03:08:58,Gamer,"('-31.4488', '-60.93173')"
159,9c699d5e-684c-46ef-9a56-f8a7953a3125,2021-04-01 04:52:52,Gamer,"('10.20898', '123.758')"
160,98c819e5-3831-4038-b9f3-c9a9ca2f10f7,2021-04-08 16:11:42,Super Gamer,"('32.52515', '-93.75018')"
161,802aca5a-55c9-46ce-ae8f-4fde193f371c,2021-11-18 13:04:20,Creator,"('26.2173', '-80.22588')"
162,11ca1f1f-74da-444d-baaf-56115cdd53bc,2021-01-12 02:55:45,Super Gamer,"('13.48082', '-86.58208')"
163,5d667392-2fb3-46d4-8048-ffdc285e44b2,2021-05-01 23:13:03,Super Creator,"('31.82539', '72.54064')"
164,a431e6c6-5a0c-46c9-9275-f3d06ba95263,2021-09-13 02:47:17,Creator,"('-21.42917', '-45.94722')"
165,d901e9f4-6e32-42b7-bc84-c6a29def11cf,2021-07-25 18:14:49,Super Gamer,"('45.40008', '-73.58248')"
166,ce66818b-eedd-41e4-9178-72b8f9f0199e,2021-12-08 07:29:12,Super Creator,"('43.61092', '3.87723')"
167,7b8498b6-6ad1-4690-a246-fd0e3902162f,2021-04-12 10:49:17,Viewer,"('24.41288', '76.56719')"
168,4ce5c56a-faa7-4cb5-bcff-38a4290fc688,2021-10-06 20:36:22,Viewer,"('12.95629', '78.27539')"
169,8da3bb08-7894-4136-99bb-6bf265425c80,2021-09-27 03:59:40,Creator,"('-7.51611', '109.05389')"
170,2f78ce7f-d50c-4edc-a7b5-e25e66b29fba,2021-06-30 17:16:27,Super Gamer,"('60.97944', '76.92421')"
171,4f011993-a8c1-4ffa-aa49-50befca01926,2021-07-16 04:27:56,Super Gamer,"('-17.74431', '-48.62789')"
172,9c2faee2-d1d5-46fd-b2bb-2bce41abda22,2021-08-29 00:12:51,Gamer,"('43.31667', '-2.68333')"
173,1795cb84-ce0c-41db-8de5-a6091dda5dc9,2021-07-16 09:31:06,Super Gamer,"('-12.91667', '-39.25')"
174,3a91b1f5-23eb-4f85-aff6-e282e9949762,2021-06-29 18:34:32,Gamer,"('34.61667', '135.6')"
175,faffb3fd-9013-429d-91e2-95f42ef52a15,2021-07-31 18:59:12,Viewer,"('-19.7625', '-44.31389')"
176,65144b4e-dffa-4ec9-a585-cf25eb9def3e,2021-03-12 02:54:58,Creator,"('58.63667', '59.80222')"
177,1b8ae42b-46d1-4b57-a8eb-d7fe45a8b438,2021-11-25 01:49:00,Gamer,"('53.37596', '51.3452')"
178,535ec766-a38f-44aa-ba3e-68aefab85664,2021-04-26 08:17:07,Super Creator,"('-1.9487', '30.4347')"
179,b7da62bd-6044-4450-bdb6-994f5c430709,2021-03-23 12:25:14,Creator,"('29.84576', '-90.10674')"
180,791661b2-07ff-4cf7-bc15-a22368ba3c8a,2021-06-04 21:02:45,Gamer,"('-3.74912', '-73.25383')"
181,560dc0ae-1ff9-4b96-be0c-ea4847e6c99c,2021-07-08 11:20:29,Viewer,"('48.8449', '17.22635')"
182,9e264040-b991-4d60-a3d5-e809da7dc603,2021-03-29 04:09:10,Viewer,"('41.92361', '20.91361')"
183,1d19180f-f126-413f-9cbe-09d7e75deec6,2021-07-10 10:40:15,Viewer,"('30.17746', '-81.38758')"
184,58a7ebd3-00dc-4519-b78a-863b3f3385bd,2021-02-18 02:10:34,Super Gamer,"('54.39304', '53.26023')"
185,1b41b513-0bdd-4e17-9f11-0e1575a19c06,2021-07-14 12:59:49,Gamer,"('26.9423', '68.11759')"
186,7a7977f5-0287-4105-9b1c-bf408f02d715,2021-10-15 23:25:39,Super Creator,"('44.98901', '38.94324')"
187,8b9a68b7-3321-4706-8623-ef32c0cdc5e8,2021-01-15 22:32:23,Creator,"('19.32889', '-99.32556')"
188,a5e5336f-262d-449e-ac80-67782918f29a,2021-06-24 13:57:34,Super Gamer,"('50.82882', '-0.32247')"
189,db3c63cd-423a-4a6d-871c-e312cbe12084,2021-08-09 05:33:58,Super Creator,"('23.02677', '113.13148')"
190,1cc4ac7c-a6d5-45fa-aea2-603e1f9c7231,2021-07-01 04:28:37,Gamer,"('51.35084', '-1.99421')"
191,da328f1b-d285-4f62-91d1-5566acc8d583,2021-09-10 02:38:45,Super Gamer,"('-6.25', '38.66667')"
192,3217d8e7-5b04-409d-8117-2e994eb54063,2021-01-19 19:18:19,Gamer,"('26.9423', '68.11759')"
193,7bdce3f0-93d6-4785-b25c-a10a4a784fef,2021-08-16 01:37:01,Creator,"('-1.9487', '30.4347')"
194,98c7b0e1-b23c-450e-a023-1cf7c274603c,2021-03-06 17:12:37,Super Creator,"('44.98901', '38.94324')"
195,2c35b9bf-a563-409e-9243-d5892945462b,2021-05-02 14:30:27,Viewer,"('48.06919', '11.37703')"
196,cdbc8b0c-06ee-4c87-be6c-9a8eebf9ddd5,2021-05-25 06:26:02,Creator,"('15.5439', '73.7553')"
197,598359e4-a853-4b76-b286-6fef41a1a376,2021-01-26 10:37:18,Creator,"('50.82709', '6.9747')"
198,a7385ac3-bdb1-470f-8ae9-54c7b461cfd0,2021-07-22 14:54:13,Viewer,"('34.15429', '3.50309')"
199,7c3e5bc5-e8d4-4173-9940-dfc2c2a68fa7,2021-05-08 15:42:41,Viewer,"('52.48173', '-2.12139')"
200,ebc6245e-ffb4-4b0b-8278-bc7de9f20384,2021-12-10 19:27:47,Gamer,"('22.19303', '88.18466')"
201,83fe9c4f-b1f3-4d29-815e-b40c22821205,2021-07-20 04:53:32,Creator,"('20.28527', '-103.42897')"
202,9799e6ec-16e2-4794-a529-297b5fa2a685,2021-02-09 01:33:37,Viewer,"('35.89972', '14.51472')"
203,7841bc35-f8c6-4fe9-89e7-f39b026d0b52,2021-03-07 23:47:58,Creator,"('45.16024', '-93.08883')"
204,dff9e8db-8f78-4405-9af2-a446c45b8a35,2021-07-31 00:53:32,Viewer,"('8.79577', '-75.69947')"
205,840b1948-e974-452a-ab92-e5a9a4fe3dbd,2021-11-01 10:49:53,Viewer,"('47.38093', '-122.23484')"
206,823e936a-d6f8-4afa-a31c-727b1c067a3c,2021-07-11 10:56:10,Super Gamer,"('41.80753', '-87.65644')"
207,9394bb89-93f0-41be-b938-827041f6bb7b,2021-09-09 21:08:14,Viewer,"('6.95194', '121.96361')"
208,5d92dc8c-d5f5-4bc3-b399-4b50e4113c56,2021-03-23 15:26:31,Viewer,"('55.82737', '-4.0573')"
209,89a60fa7-bea9-4c35-8713-b41ed84c8034,2021-07-15 00:43:33,Viewer,"('29.98869', '122.20488')"
210,a87ce340-fceb-4cfd-b382-285eec9e9d89,2021-01-21 15:18:57,Super Creator,"('36.76775', '2.95924')"
211,6fd25706-4eba-42fc-8d87-67e1cd9b6dbf,2021-12-07 22:00:58,Gamer,"('37.95143', '-91.77127')"
212,2eb5000c-36e0-472f-8e99-ecb885fbd657,2021-06-16 05:37:14,Gamer,"('32.9156', '-117.14392')"
213,f09e8bd9-22b4-445f-a088-91926178979d,2021-07-30 10:14:10,Viewer,"('51.88333', '8.51667')"
214,1bd62d4f-ce05-48d7-900c-3af3078fc39e,2021-01-17 19:48:26,Super Gamer,"('53.53333', '-7.35')"
215,ab6fe2df-5182-46f3-82cf-80c5833f2366,2021-03-04 15:48:37,Super Creator,"('41.6764', '-91.58045')"
216,5497bc71-b15f-4161-ba6b-a5c6646e988b,2021-01-10 09:50:38,Super Creator,"('-8.99167', '125.21972')"
217,87587905-cd78-41ab-bdff-3e3680942fd5,2021-09-08 01:53:36,Super Creator,"('14.53767', '46.83187')"
218,b47eecec-b12e-4aac-9c40-e12c622e10e7,2021-06-15 13:45:15,Super Gamer,"('-5.41667', '38.01667')"
219,2ad82593-4b43-43a6-aa0a-e3edd2852526,2021-05-02 13:13:18,Gamer,"('35.88264', '-80.08199')"
220,b354e8e4-e4cf-4d7f-9ce6-fa2cb576e157,2021-05-04 19:01:17,Viewer,"('37.1759', '128.9889')"
221,ac1dc7ec-c361-406d-ad7d-1032074c157b,2021-08-28 05:50:29,Viewer,"('31.76212', '-95.63079')"
222,5868e3f4-cf3a-4b0d-b720-cc3c7ab040b9,2021-11-22 08:42:41,Viewer,"('54.03876', '43.91385')"
223,5cee7cfa-42e7-4c9e-8525-b18bec2e0ad6,2021-02-08 16:45:05,Gamer,"('40.98894', '28.67582')"
224,4ef9ea6b-e0af-4c5d-9a38-30151e73d5d0,2021-09-20 17:04:39,Creator,"('35.05266', '-78.87836')"
225,725dc72b-b03c-43eb-907d-660f389e53ca,2021-03-07 12:18:05,Viewer,"('37.13548', '-3.67029')"
226,cd1544f6-bef3-41e8-a34c-be949f482233,2021-01-12 15:01:07,Creator,"('-37.88333', '145.06667')"
227,c1a1478b-b66d-4858-8d94-b617556258d8,2021-04-20 05:58:46,Creator,"('37.13548', '-3.67029')"
228,b5e20dd1-d8f4-4782-86ab-4418f0c32173,2021-09-02 00:45:41,Super Creator,"('40.87363', '14.34085')"
229,2a86e17e-d27b-43ff-9a4e-c666204f8acb,2021-10-25 05:03:07,Creator,"('34.4833', '136.84186')"
230,6fbe8489-0d8d-4ff3-a5c7-5cb13bc715f7,2021-01-21 15:40:50,Super Gamer,"('-3.5403', '118.9707')"
231,12daa534-6cf9-4e19-bb2d-e29bdf2a3780,2021-09-30 18:38:40,Gamer,"('-34.64167', '-60.47389')"
232,8cc206c6-ec4b-4289-bbef-9d29e2571d53,2021-02-21 23:56:30,Super Creator,"('41.50343', '-74.01042')"
233,8f92db2d-b971-4daa-b349-1dd1e691708c,2021-02-13 23:35:28,Super Gamer,"('38.13708', '41.00817')"
234,51a85ab1-6251-4712-be1f-904cc177aa8b,2021-10-31 23:16:26,Viewer,"('40.49748', '44.7662')"
235,9b9b885a-64b4-43aa-ab68-588ffc0d8882,2021-07-07 20:09:17,Super Creator,"('-19.32556', '-41.25528')"
236,fc4fa6b9-27e8-4a1d-a5b9-9cbdb4037d5a,2021-07-13 22:26:51,Super Creator,"('23.1959', '86.51499')"
237,d11bad81-b9a6-4af4-99ad-52bcd827e736,2021-08-12 09:26:41,Viewer,"('20.28527', '-103.42897')"
238,0d1d2726-2239-4a12-9a3f-138b3cae767f,2021-06-27 14:58:04,Super Gamer,"('53.93361', '37.92792')"
239,f7a2adb8-44d7-4408-a2a9-3a593fc6d626,2021-11-20 16:11:07,Creator,"('32.9156', '-117.14392')"
240,f261caed-1a26-4ab7-90ba-517d35fea76d,2021-07-18 16:48:04,Viewer,"('15.73628', '75.96976')"
241,87bcfa91-0fcd-4818-bd87-c924b3528720,2021-05-19 19:13:00,Creator,"('-21.41222', '-42.19667')"
242,ad01861c-b981-4ca2-b5c8-cbada25825ca,2021-09-18 11:58:46,Creator,"('51.955', '5.22778')"
243,faa55a49-56e3-4584-9f19-8a70cfebc145,2021-11-23 12:27:48,Super Creator,"('8.35122', '-62.64102')"
244,3acc54a5-3bc4-4195-a2a1-e93e11b5356e,2021-09-28 06:35:47,Gamer,"('12.04161', '75.35927')"
245,6c26fab1-36fd-4135-bd83-4cd2d60f3ca8,2021-04-11 12:49:55,Gamer,"('-1.26424', '104.09701')"
246,c35cb0fe-e7cc-4ae8-820a-13c86badf890,2021-07-09 00:21:09,Gamer,"('36.02506', '-86.77917')"
247,6da52ff1-56ca-4b76-92b0-c565205c7887,2021-05-04 00:46:51,Viewer,"('49.41029', '38.15035')"
248,db81fe55-06ff-495b-bb73-aea8b4afc60e,2021-05-27 14:15:38,Creator,"('22.98212', '-80.58556')"
249,b1b96335-da3a-4345-af40-430378e45e5f,2021-06-24 22:15:33,Viewer,"('38.58894', '-89.99038')"
250,0e4d3359-f35f-43d1-acc9-24fa083b6ad9,2021-07-09 18:00:54,Super Gamer,"('23.02677', '113.13148')"
251,d1b7e58b-5a19-43e5-86af-fe1b1557dff3,2021-06-02 16:15:34,Viewer,"('50.75932', '25.34244')"
252,2d22b565-bf04-40f2-af8d-a967606f8308,2021-10-22 07:25:35,Super Creator,"('40.93333', '73')"
253,8e798cb6-d967-4b69-93e4-5e78f78d3f7c,2021-09-13 22:25:12,Super Gamer,"('54.90083', '38.07083')"
254,f2363e67-9a7d-42ff-b0d8-39f36a7bf9a3,2021-02-23 01:36:26,Viewer,"('26.67319', '31.4976')"
255,74146ee9-16c5-43a4-92b2-95f94d6fc9b7,2021-11-26 05:07:51,Super Creator,"('34.31', '-2.16')"
256,3a5dab62-cd26-4be6-a04b-eafad66bc3f7,2021-09-30 18:50:16,Creator,"('35.95664', '36.7138')"
257,960fb90e-eddc-478a-a64a-04b9dded3a05,2021-09-05 03:55:57,Gamer,"('5.20856', '-74.73584')"
258,07e411dc-716c-4811-9528-85e7511320df,2021-09-03 02:16:52,Super Gamer,"('48.98994', '2.1699')"
259,4f51ac3e-d073-474d-81dc-c27c3fe39446,2021-01-02 04:55:24,Viewer,"('39.71734', '-74.96933')"
260,88bef6e1-7b34-4621-acc2-80eb73543e1a,2021-08-09 12:07:28,Super Creator,"('40.72586', '8.55552')"
261,f29d8e01-6751-48e4-812c-bf4e5b2d73c6,2021-01-18 15:35:18,Creator,"('-21.41222', '-42.19667')"
262,3bb14fbc-64c1-4e68-a718-eda5b7ecf5ef,2021-03-26 07:59:33,Creator,"('53.00974', '-3.05814')"
263,968158c8-1e2e-4fa8-8aa3-7e02110b1bdd,2021-07-23 04:49:09,Viewer,"('44.89784', '8.86374')"
264,f98c5d96-d296-46bf-a75d-0a264abd29b6,2021-11-02 03:48:24,Creator,"('49.28669', '1.00288')"
265,f4536e6a-6742-4de6-bb70-c32aef994346,2021-07-17 09:25:18,Gamer,"('53.95278', '32.86389')"
266,b0c299b0-3324-410d-ac83-12d3d1e6968f,2021-10-29 14:46:46,Super Creator,"('43.86682', '-79.2663')"
267,e81edece-4485-4a5e-9434-b7ebefd92b64,2021-07-28 05:25:44,Creator,"('29.21399', '78.95693')"
268,1a788761-76f2-4e58-9617-d18ea53c3477,2021-08-14 22:37:40,Creator,"('40.1675', '34.37389')"
269,13ee88b6-d2b9-4819-bfa0-dad0fa39bce3,2021-05-13 18:13:10,Super Creator,"('24.41288', '76.56719')"
270,c6c77500-a454-4bdf-bc56-ec2b43a26f1d,2021-03-16 06:01:10,Gamer,"('23.5654', '119.58627')"
271,34fb9d37-6e43-4e9c-8b8b-1d25a67f0ec4,2021-11-12 10:48:57,Creator,"('33.35283', '-111.78903')"
272,a2e02c31-3078-4f51-9ef6-0ebd3909572d,2021-09-15 15:08:55,Viewer,"('0.76755', '24.43973')"
273,37cf10bd-4d88-4773-84f8-f06eb83675de,2021-04-21 15:44:48,Viewer,"('-4.06667', '37.73333')"
274,9150b9ea-52fa-4ec6-b838-d38ade8f8b96,2021-12-08 11:46:41,Gamer,"('47.98372', '10.18527')"
275,61cb389d-aac7-45a0-a3c1-9bca0e0d5b1d,2021-03-08 22:42:27,Gamer,"('51.4781', '57.3552')"
276,ac38cce8-26dd-43d7-b9e9-abb95a89ad6d,2021-07-16 02:10:59,Gamer,"('36.75965', '137.36215')"
277,ad18e140-8d57-4f67-93db-95682af697ff,2021-11-25 03:40:15,Gamer,"('54.39635', '24.04142')"
278,91f0123a-58da-4dc4-a172-635f580e1ccb,2021-09-16 21:23:40,Super Creator,"('53.95278', '32.86389')"
279,83fc55f3-18bf-49ec-847c-945cc8cbfd13,2021-04-26 09:52:56,Gamer,"('38.37255', '34.02537')"
280,e3338031-d13f-499b-8295-d03e1644d6ad,2021-07-06 06:36:31,Viewer,"('42.28639', '18.84')"
281,58a5e7be-ea97-40ef-9513-085f425aa243,2021-08-15 17:50:21,Gamer,"('20.74122', '-100.44843')"
282,ac71b1ef-137b-4ad7-ae2d-34a4a88ff9ba,2021-07-05 12:36:43,Super Creator,"('44.59445', '11.04979')"
283,b83b193c-e7c0-47ba-8133-2d7a595122ba,2021-07-17 04:33:19,Super Creator,"('51.21187', '4.25633')"
284,be8dc89f-57de-429a-be29-65d8977cd92b,2021-06-28 21:53:45,Super Creator,"('-33.38056', '-56.52361')"
285,95d6de96-58c2-44fb-8145-31169077014a,2021-08-04 02:07:52,Creator,"('9.57046', '76.32756')"
286,55a3264e-0f39-438a-b170-4f685372cb0b,2021-04-15 19:18:34,Gamer,"('44.73941', '-93.12577')"
287,63facb24-b5d5-483e-bc55-b47eafcc8f07,2021-10-28 18:28:04,Super Creator,"('45.47885', '133.42825')"
288,f0907349-3797-41ed-a5f4-312caa8100fe,2021-05-11 19:48:23,Creator,"('0.51667', '101.44167')"
289,8bee6ade-1d9f-453e-b1ec-9a2c2bd5a973,2021-05-01 12:19:52,Creator,"('26.76628', '83.36889')"
290,42d0d056-6077-481c-9c75-eea6f7e7296c,2021-06-25 15:40:50,Viewer,"('38.96372', '-76.99081')"
291,2c451ad7-dc3b-487e-be24-e91a2630629a,2021-11-23 03:14:33,Viewer,"('51.39148', '-0.29825')"
292,5fd8de38-d691-4628-95f3-a5a17183ce53,2021-10-30 15:37:34,Creator,"('25.66795', '85.83636')"
293,e0e39c4d-b1eb-46f0-bc8a-b0d8b1db0f37,2021-10-01 15:50:57,Viewer,"('3.02013', '30.91105')"
294,bf72d5aa-a63d-41c9-b395-0166b8315a29,2021-04-26 03:14:14,Viewer,"('-19.72806', '-50.19556')"
295,ca30f265-f33b-41d2-89fe-789379de9c8d,2021-01-14 23:34:10,Super Creator,"('-4.83', '29.65806')"
296,2c551bf8-c71f-4183-817f-e4c6af4315fc,2021-09-26 17:59:09,Gamer,"('47.46657', '84.87144')"
297,1427728d-c234-4c1d-a8da-a938e4441fdb,2021-11-30 11:03:38,Super Creator,"('-34.88422', '150.60036')"
298,9705f2f1-0617-4b8f-aae0-668fae5fc873,2021-01-13 09:53:02,Super Gamer,"('61.72744', '17.10558')"
299,b87898bb-a914-440d-8f6f-581fed1b4acc,2021-03-25 10:24:44,Super Creator,"('57.30185', '39.85331')"
300,a449e516-7a94-4ffc-a1bd-e60a1fae48eb,2021-02-18 14:38:56,Creator,"('34.14251', '-118.25508')"
301,1c68efe9-ed6e-4845-8721-77cce7fb167c,2021-06-28 05:13:19,Super Creator,"('-15.21194', '-75.11028')"
302,70709c10-6e95-4d93-b8c4-ce4e4e9c1d16,2021-10-21 12:12:00,Viewer,"('-14.66463', '-52.35558')"
303,4f5f95f6-317d-47a4-9327-d4470dd61e7e,2021-11-11 21:26:27,Creator,"('34.09611', '-118.10583')"
304,f5a36a18-3078-4c4b-8bef-a518788defbf,2021-06-27 12:21:20,Viewer,"('33.92946', '-116.97725')"
305,a050dc81-f987-4a04-8d98-2ac3b0e8c51f,2021-11-25 16:23:11,Super Creator,"('45.53929', '-122.38731')"
306,a045db4c-14c7-4476-b9e0-b30c1a4d1df2,2021-08-03 06:05:41,Viewer,"('27.92333', '118.53333')"
307,e7055e61-e5e0-44aa-abfc-6c7310ee186d,2021-02-01 04:04:21,Gamer,"('49.97704', '9.15214')"
308,281677ee-c56f-4034-a787-c3aceb251146,2021-08-04 14:58:58,Super Creator,"('36.27462', '4.85668')"
309,60fb8aee-a6ed-45fd-97be-b60d4c26bfc3,2021-09-14 10:39:22,Super Creator,"('-8.99167', '125.21972')"
310,f03b6423-10e9-4f65-aef9-a49aafa99abe,2021-09-20 01:45:46,Gamer,"('40.24537', '-75.64963')"
311,84e2ad6f-8480-4a5c-bb6c-fb53da711e27,2021-03-16 23:57:51,Super Creator,"('23.02677', '113.13148')"
312,dc9a54c4-2dc6-4e1b-924a-5835841ddbe0,2021-10-25 05:31:37,Creator,"('51.4781', '57.3552')"
313,854d6288-0532-47c4-b908-b07dae2e8f77,2021-07-30 22:49:46,Gamer,"('-33.88096', '151.07986')"
314,71142c95-dd8f-459a-bcca-4dd2dc5f936c,2021-08-02 15:08:28,Creator,"('39.96097', '-75.60804')"
315,24d45486-a6ff-4fc3-a245-83eef697d964,2021-01-18 18:45:14,Gamer,"('41.82143', '41.77921')"
316,d56d6b35-df26-4633-99b1-1def3a8d5591,2021-12-01 00:01:27,Super Creator,"('48.35693', '10.98461')"
317,faf590ab-a4ca-4ddd-81c3-24d767bc9f21,2021-11-27 04:39:54,Super Gamer,"('22.83957', '91.84128')"
318,b33086ec-2aa1-4b83-bf40-b9c6a5f94001,2021-07-07 12:42:31,Viewer,"('42.16808', '-88.42814')"
319,7349dc59-67f5-474c-a3e4-14cc82fbc577,2021-08-20 21:29:51,Super Gamer,"('46.18396', '6.10237')"
320,a77c4e01-c7ba-4043-a9e5-820ca2aa1b5f,2021-11-04 19:19:47,Gamer,"('50.9803', '11.32903')"
321,002115d7-1cf1-4829-a8e9-0f0e2c4e823a,2021-08-10 23:08:25,Super Creator,"('45.99194', '29.41824')"
322,18b06dc8-2543-45e6-8f47-3d0561649889,2021-01-27 23:22:01,Super Creator,"('45.51667', '4.86667')"
323,262d0d76-5bd3-4659-8eb4-83a61b3b9745,2021-04-11 02:25:26,Viewer,"('0.46005', '34.11169')"
324,8b59496f-6dd4-4cb1-a326-915c374a71b9,2021-10-02 19:31:25,Gamer,"('-1.6', '103.61667')"
325,7148f63c-5a76-4335-abdc-c9d80f0de9c2,2021-03-16 05:29:23,Super Gamer,"('50.5107', '18.30056')"
326,db47008e-3b01-4a0b-8dc9-5fdd84c3ee7b,2021-11-06 03:53:41,Creator,"('50.79205', '-1.08593')"
327,37d4e762-810a-483a-944b-251fd9c9bdad,2021-04-29 14:04:04,Creator,"('33.08014', '-83.2321')"
328,49333b48-0b70-4cab-814b-ec56cb3d9eab,2021-09-30 06:28:32,Gamer,"('40.85158', '122.74754')"
329,9f229f33-69c6-4863-9b00-d3065b9c9e17,2021-02-12 08:39:11,Creator,"('23.49668', '86.68363')"
330,bce6fa4e-11fe-4794-abb6-d9795961fbe2,2021-05-01 19:58:44,Viewer,"('-6.25', '38.66667')"
331,8893c08a-d281-4927-b93f-3e1d72354f80,2021-07-11 15:03:50,Super Gamer,"('56.11281', '69.49015')"
332,219aabf1-9579-4ddd-9e15-af82c3252f1e,2021-10-18 02:32:37,Super Gamer,"('36.06523', '-119.01677')"
333,5904db5b-79b8-4ab8-90f9-6aeef1f0a243,2021-07-10 23:51:05,Super Gamer,"('13.73417', '-89.71472')"
334,225baf40-d168-457e-a45d-3a05edce50ac,2021-01-17 20:15:24,Gamer,"('-7.54972', '110.71639')"
335,e29444d5-af18-4eb1-b815-c50bc05db772,2021-03-24 11:28:55,Super Gamer,"('10.15031', '-73.9614')"
336,c51136dc-7f39-4c4a-bb0e-d86d16462a49,2021-12-13 03:08:32,Viewer,"('18.00747', '-76.78319')"
337,cdf36f97-8188-4986-8225-ab8be6fba72c,2021-05-08 10:46:28,Gamer,"('46.7055', '38.2739')"
338,5b52fc07-84cd-4e83-ac92-496b7a0e433a,2021-04-29 22:30:31,Super Creator,"('54.03876', '43.91385')"
339,b30da28c-0d83-442d-b79b-77bdcb7fc80f,2021-09-19 00:50:13,Super Creator,"('58.04254', '65.27258')"
340,11f3aeb2-c077-4047-90f7-c6476ec0826c,2021-09-15 08:48:39,Creator,"('33.78333', '114.51667')"
341,74a902d6-684e-4710-8a37-2acb63de5391,2021-04-22 17:44:06,Gamer,"('37.65181', '120.33063')"
342,4af5437c-52d0-434c-b02c-0b4da08016b9,2021-09-19 06:44:49,Creator,"('60.97944', '76.92421')"
343,e640c31d-e996-4a18-9c0d-0cf9cf34f213,2021-10-29 00:01:25,Creator,"('20.88098', '75.11937')"
344,726ba747-ffac-4374-8391-84970f377cd9,2021-09-15 19:01:59,Creator,"('-21.44236', '27.46153')"
345,8daa5e2b-f5e8-4e55-9143-4dfd5593d6ca,2021-11-04 00:55:43,Super Gamer,"('58.63667', '59.80222')"
346,aa3a787f-9dbd-425f-876f-5751572554d8,2021-11-09 05:58:38,Creator,"('15.5439', '73.7553')"
347,22468224-24de-4f7e-8465-ddbe10bacdae,2021-06-07 23:08:26,Viewer,"('51.38673', '0.30367')"
348,23a77efe-5cb2-4a7f-b964-cb9347311556,2021-03-21 18:50:43,Gamer,"('53.5942', '25.8191')"
349,1f52599d-401d-45a8-b4da-7424e6a74312,2021-11-26 23:42:10,Gamer,"('25.92127', '86.79271')"
350,b19f3b6b-3884-4585-a125-7636431763d2,2021-09-09 18:35:47,Super Gamer,"('-26.22861', '-52.67056')"
351,0809227c-4355-46e0-8ec7-79fb20101cb9,2021-11-01 07:14:34,Creator,"('40.63316', '-74.13653')"
352,e360baa6-ef40-41e0-a5b0-926c7253d5a9,2021-02-05 10:59:05,Super Creator,"('39.32011', '-76.51552')"
353,7189e22a-32f0-4470-95ec-fc248b4544b4,2021-06-19 07:22:59,Gamer,"('6.15038', '6.83042')"
354,704db6cd-7616-4871-acf8-d1589a0422cc,2021-03-11 04:27:24,Creator,"('43.1122', '12.38878')"
355,cef587fb-eb21-4eb5-8bd7-ffc43abb54db,2021-05-31 11:31:07,Viewer,"('41.55815', '-73.0515')"
356,2c3c2c85-c7e3-4f0c-9716-2d1303f4920f,2021-11-20 10:46:20,Super Gamer,"('48.46458', '9.22796')"
357,5fada011-5207-4df3-bd31-3c3630317542,2021-08-09 03:01:42,Super Creator,"('36.76639', '3.47717')"
358,f4d83663-21de-4b47-a1c0-ba12e175c2eb,2021-11-21 05:39:47,Super Creator,"('19.21667', '73.08333')"
359,2b5af546-41ef-404f-8e24-eb69fcf2e0ae,2021-06-13 16:46:22,Creator,"('0.51667', '101.44167')"
360,ab89ba25-afa7-49d6-a06b-d4c8eff14fe3,2021-10-04 18:32:41,Super Creator,"('48.79325', '2.29275')"
361,bd474dc1-7576-41ee-b18a-b2626b750a05,2021-08-30 05:47:07,Super Creator,"('12.18441', '18.69303')"
362,03e584e6-e662-4ebf-9458-13ebf5deb84c,2021-02-14 05:42:37,Creator,"('14.62578', '121.12251')"
363,cd0fc559-6914-4033-9cb6-d8eed6455b85,2021-11-09 18:55:19,Super Creator,"('14.95472', '120.89694')"
364,2c1743f9-5b5e-4be1-ad1e-1e0c9f692ced,2021-05-22 09:00:42,Super Gamer,"('51.30001', '13.10984')"
365,b16dfd32-9e36-43a9-840d-ba69b82638b1,2021-03-31 11:29:13,Super Gamer,"('-7.76667', '35.7')"
366,90e65ecc-ab2b-4f8f-aed4-38ebbd3ea3a3,2021-02-16 17:29:43,Super Gamer,"('4.94273', '15.87735')"
367,c7feb614-4f4e-44a0-a1e3-3dee86b5700f,2021-02-19 16:57:19,Viewer,"('29.38242', '70.91106')"
368,ff4c0ad9-8a91-44e9-964e-54f7a59e6a8f,2021-08-08 09:13:46,Super Gamer,"('37.65181', '120.33063')"
369,7c21f27c-ad27-4b47-b36c-22d4ea9c36be,2021-04-29 06:53:37,Super Gamer,"('27.09978', '-82.45426')"
370,91a912e0-ab43-4d6f-83fb-83288a592706,2021-08-28 14:29:16,Gamer,"('58.23583', '92.48278')"
371,7ee05cfe-f40f-4e88-a637-7d6b3474b963,2021-08-13 23:15:43,Super Creator,"('51.21187', '4.25633')"
372,30b9edff-c718-47c8-ae04-406fc31b8796,2021-08-21 15:48:05,Gamer,"('21.46527', '83.97573')"
373,f1659c1c-e6d8-40a2-9491-0b94b37cb594,2021-10-28 12:37:34,Creator,"('46.51872', '86.00214')"
374,dafec149-9016-4474-8e02-d7b6ca34bd95,2021-09-06 22:07:49,Viewer,"('45.40008', '-73.58248')"
375,53795ada-9e5c-4610-bf60-221f6cc3cefa,2021-05-30 22:36:32,Gamer,"('45.53069', '9.40531')"
376,68909fd3-8bc9-467e-9de7-5772363de178,2021-08-31 06:25:14,Gamer,"('6.03333', '37.55')"
377,45877aeb-48af-4b7d-ab61-37b1574a1a66,2021-09-16 20:29:24,Super Creator,"('40.70995', '0.57856')"
378,52852a5d-4a02-48c7-b931-3d562a5dcb8f,2021-08-25 04:35:17,Gamer,"('40.82232', '-74.15987')"
379,6b74dbd1-c7e3-4f8b-8aa7-5369070b7992,2021-06-19 01:42:14,Viewer,"('28.90054', '-81.26367')"
380,948a9851-6140-49f5-a0a7-588390cf7e36,2021-10-30 20:05:35,Gamer,"('51.14942', '15.00835')"
381,13d10daa-e6db-49b6-bd92-cc60d46a6b4e,2021-04-12 10:21:03,Creator,"('31.64615', '120.74221')"
382,e47179dd-f87d-4755-a1b4-30f835bd7ef8,2021-03-18 17:38:52,Gamer,"('38.47917', '-1.325')"
383,1cb46f7e-b75a-4d35-a033-9e16dd58fd9a,2021-11-14 23:13:09,Gamer,"('-22.92306', '-53.13722')"
384,0ad99cde-6ca2-475e-88b8-ad81281c05ac,2021-02-12 07:09:02,Creator,"('35.25064', '-91.73625')"
385,980cd756-264d-4c82-8bb9-6e0ac5d3ae35,2021-11-26 23:00:33,Super Creator,"('53.53333', '-7.35')"
386,57178f73-c02b-44f5-b06f-367e76ba973d,2021-12-15 04:46:48,Super Creator,"('35.8', '137.23333')"
387,51e78da5-b725-4ec3-97ef-4d4b37eb2505,2021-11-19 00:54:49,Gamer,"('35.74788', '-95.36969')"
388,4887a7cd-c411-406b-85d7-8f273b04a0ae,2021-01-28 08:39:53,Super Creator,"('47.4943', '-122.24092')"
389,ab53d9c0-b7b2-4049-baaf-2a1c2bc15834,2021-10-23 18:55:27,Viewer,"('34.06635', '-84.67837')"
390,401e3c97-1669-45b7-b74a-4305cd2d1694,2021-01-20 10:42:26,Super Gamer,"('26.18924', '-98.15529')"
391,43240bfa-c9fd-492c-8633-cc6eac290443,2021-05-10 02:13:29,Gamer,"('7.65649', '4.92235')"
392,db8de084-49c6-4e28-939f-0e4f9ddce7f8,2021-09-21 13:58:34,Gamer,"('-14.66463', '-52.35558')"
393,cd0c4e97-e087-4555-bc6e-492708b9d9a9,2021-01-10 08:40:26,Creator,"('57.97472', '33.2525')"
394,180fdea3-0f7f-4e29-9dc2-da30662727d6,2021-01-31 00:01:14,Super Creator,"('51.42708', '-0.91979')"
395,acae50d6-747f-45c4-a5f4-2ae04e641121,2021-06-14 20:57:36,Creator,"('38.37255', '34.02537')"
396,d72856bd-e7ec-4620-b22c-1c59075f4857,2021-02-01 11:14:28,Creator,"('35.85', '117.7')"
397,dd947420-df8a-4815-a81b-87931d33e108,2021-01-21 07:48:00,Gamer,"('8.88649', '2.59753')"
398,51bfda3f-e5fb-4254-9ebd-106b436dbc4c,2021-02-20 04:31:04,Super Creator,"('-11.48472', '-37.93278')"
399,770fbac7-6ae2-49fc-934f-f87a4340c027,2021-02-06 11:26:59,Super Gamer,"('38.68712', '-4.10734')"
400,f8b1ef8a-bb85-4c6c-9555-2dc6815c45ae,2021-04-02 21:02:38,Super Gamer,"('39.22493', '42.85693')"
401,a88a1fa3-33a1-4d18-aa52-2769ce031bc9,2021-04-24 23:32:38,Super Creator,"('39.96097', '-75.60804')"
402,46bb7201-7327-4fca-949f-f06a0bfd2901,2021-01-08 09:26:53,Super Gamer,"('47.98372', '10.18527')"
403,ee97c30d-d6e3-41d3-8a34-f3d5d945edd0,2021-01-30 07:46:59,Super Gamer,"('39.72943', '-104.83192')"
404,46b920ef-fffa-44ff-b77f-bc570db1c1a1,2021-07-26 16:07:57,Viewer,"('45.47885', '133.42825')"
405,b25aeb4b-c037-4e37-9f9e-ce6a4e76e800,2021-05-12 18:17:58,Creator,"('50.79205', '-1.08593')"
406,f05bd1cb-ec8c-4a16-8c4a-0fe69d4c29f6,2021-12-13 14:07:27,Super Creator,"('43.61092', '3.87723')"
407,20255ac0-1a78-4005-bd6f-b27d3390225d,2021-11-17 23:06:52,Super Creator,"('39.57582', '-105.11221')"
408,7d40db59-0c18-405c-bb48-e5f3290fe144,2021-11-22 09:17:02,Gamer,"('5.90702', '116.10146')"
409,87cb5517-8d86-4ac9-ab6b-bcaa7c317418,2021-06-04 03:03:57,Viewer,"('-11.94306', '-76.70944')"
410,362a412c-60d4-4244-9d91-e8848d0e9ab2,2021-02-16 10:56:22,Viewer,"('44.59445', '11.04979')"
411,25b89810-db91-460e-bc8b-ade6916cf82e,2021-11-28 16:27:34,Super Gamer,"('52.61131', '13.31783')"
412,9cdc86cb-63a4-4a47-906f-2e0a6f82e50b,2021-04-10 23:13:23,Super Gamer,"('10.31672', '123.89071')"
413,4b304bba-650c-4249-85a0-c37b16637a1a,2021-04-01 10:35:33,Creator,"('10.10649', '76.35484')"
414,020fdae8-9299-4ab1-8f78-0540d8e76068,2021-04-03 03:03:42,Viewer,"('42.64031', '125.51176')"
415,e53e2636-2ce2-4ae9-bf19-f5c0d65d5c4d,2021-01-04 23:46:35,Super Gamer,"('41.63976', '2.35739')"
416,89317f2c-d4eb-4ca3-9872-86257e9acff9,2021-10-12 00:51:07,Creator,"('36.72544', '3.55665')"
417,4421da8e-ab70-486e-beed-7ccb7b867162,2021-06-26 20:33:16,Super Creator,"('8.56697', '123.33471')"
418,2ce066b8-ff75-4bea-bff3-16271d7136c9,2021-11-06 19:06:32,Super Creator,"('36.92574', '14.72443')"
419,9c28f106-a989-4e94-8b7f-b673e96a204c,2021-09-08 07:59:59,Super Creator,"('14.64056', '104.64992')"
420,4dafcb6f-77ff-43cd-a4bd-87adb37cafe8,2021-09-29 08:08:49,Super Gamer,"('41.47892', '-87.45476')"
421,426b7282-8384-4774-8122-ce8e1872c39a,2021-03-26 15:14:17,Super Gamer,"('50.88506', '4.07601')"
422,30ff68d9-c6c0-402b-99a6-a5fb94d221f8,2021-01-01 17:47:23,Creator,"('30.17746', '-81.38758')"
423,442d05b1-4587-4928-a62d-da75585bf0cd,2021-04-07 04:17:14,Super Gamer,"('51.64316', '-0.36053')"
424,49fa68c4-6e88-4d8c-bfca-0461a4427328,2021-11-02 06:02:06,Gamer,"('48.90982', '2.45012')"
425,da60ca11-fae6-44a2-b004-378ca17ce2fd,2021-04-09 21:04:53,Super Gamer,"('-10.95817', '-38.79084')"
426,2292529a-6c60-43e2-bc90-f3bc6d0e127a,2021-04-20 10:38:48,Viewer,"('11.85', '38.01667')"
427,601c0689-afa9-4c82-bc37-14f5cd7b7816,2021-02-27 13:49:34,Super Creator,"('37.31309', '40.74357')"
428,0b0dc74c-14f0-407e-9a1c-4d7696276d6c,2021-09-01 07:41:38,Gamer,"('8.88649', '2.59753')"
429,0c1db2bf-400f-4687-9780-928415e1dd75,2021-04-25 17:36:24,Viewer,"('50.8', '3.16667')"
430,ed0645b0-5ad8-4258-ae3a-999397b9bbdc,2021-09-05 20:08:06,Super Creator,"('48.90982', '2.45012')"
431,1c88fb2e-b338-4f7d-a43d-ea45a346759d,2021-09-13 05:22:01,Viewer,"('44.85278', '65.50917')"
432,1c292f5f-15b9-4971-af93-04b5346a47eb,2021-10-27 22:29:50,Super Creator,"('20.74122', '-100.44843')"
433,e1190d77-c6b8-4000-82bb-05358102f6fe,2021-11-03 07:19:17,Super Creator,"('43.78956', '7.60872')"
434,65c1c9f1-51ec-47e5-bede-792768062082,2021-06-10 10:41:07,Creator,"('34.65918', '109.22921')"
435,7e658d82-9be0-4c84-8f62-990d1aa8e0fb,2021-10-31 01:10:44,Super Gamer,"('15.45144', '78.14797')"
436,47c36792-d906-4717-9c32-fafc94b1563c,2021-03-24 03:56:43,Super Gamer,"('31.92923', '34.86563')"
437,a9f01343-e351-457a-8598-41d316753c01,2021-03-15 06:31:42,Super Gamer,"('50.11861', '-5.53715')"
438,3d710994-a3e7-47e7-8386-64514b9d8695,2021-08-14 23:50:27,Super Gamer,"('-20.25333', '-43.80139')"
439,8de4afe5-59b3-4f84-9282-8a1c4ff4f979,2021-07-22 21:55:22,Gamer,"('10.15031', '-73.9614')"
440,4755d6e8-7cd0-429b-8073-c7a827bf8aec,2021-05-25 13:48:06,Viewer,"('50.82709', '6.9747')"
441,5fd34ddd-4b07-4f11-a022-b65dd1c9080e,2021-06-02 20:55:29,Super Gamer,"('5.84752', '-5.682')"
442,4219d7c3-9f61-4d0d-b289-fe2e3e22f78f,2021-10-02 16:44:39,Gamer,"('49.41029', '38.15035')"
443,68fe84bf-7ef3-48b9-b0d0-6364d508b422,2021-08-01 04:41:41,Super Gamer,"('57.47908', '-4.22398')"
444,946a1575-6781-4219-884f-c95d245cbcc0,2021-07-07 08:49:53,Super Creator,"('59.37722', '28.19028')"
445,317a2bc3-5f95-4d35-9a94-1f2f38424c4f,2021-07-23 22:05:36,Creator,"('14.64056', '104.64992')"
446,2745c804-4882-4369-a533-f285f1a0719f,2021-01-08 01:14:32,Gamer,"('38.68712', '-4.10734')"
447,5c0b23e4-e800-4213-8cbe-f834dd88e552,2021-01-01 21:58:04,Super Gamer,"('45.47885', '133.42825')"
448,0230f9af-e89f-4886-8322-52a38eaf991c,2021-06-04 20:14:39,Creator,"('25.95533', '68.88871')"
449,13588cd4-9a2a-4965-8557-aa3109d1fa72,2021-09-17 22:53:38,Super Gamer,"('53.53041', '43.67663')"
450,28dd7775-dbc6-4f7f-8eb6-91527c533363,2021-12-07 07:37:46,Super Gamer,"('41.55947', '14.66737')"
451,ef4aecf1-6671-4aa3-8a4a-ad3fb65080e2,2021-12-11 07:17:03,Super Gamer,"('-4.42472', '-41.45861')"
452,2d262c8c-e03b-4832-9cb1-551c2b0c89c9,2021-07-24 05:04:33,Gamer,"('19.21667', '73.08333')"
453,c1da6ff6-b0dd-412e-97fc-b9551171d3a0,2021-11-22 10:35:04,Gamer,"('36.76775', '2.95924')"
454,fae3bb13-afab-45e7-b321-973cc819d6e8,2021-11-30 10:51:39,Super Gamer,"('12.04161', '75.35927')"
455,8c4515bb-a074-4a77-8ee0-812722e2f2cc,2021-08-31 07:09:59,Super Gamer,"('51.04962', '12.1369')"
456,807ba8e4-a779-4c60-b8c6-732e017258f3,2021-03-18 18:25:55,Gamer,"('30.24706', '115.04814')"
457,f8d529c3-9c05-473a-8b24-07a6bf561353,2021-02-15 16:34:27,Super Gamer,"('14.66', '120.56528')"
458,1971b2d6-d758-4796-b190-1bd0c9e6d8db,2021-08-22 06:23:04,Super Gamer,"('45.51667', '4.86667')"
459,15a04e23-2a63-4e1d-8f93-79dc24894f1a,2021-07-03 05:13:04,Creator,"('40.65538', '-74.38987')"
460,8b697c79-4672-4a4e-ac87-c4ab7777d340,2021-05-24 01:26:32,Viewer,"('34.08565', '74.80555')"
461,d7bc6d0b-2463-4a42-abfd-ac4615f8fa37,2021-10-06 15:00:52,Super Gamer,"('53.19146', '-2.52398')"
462,07b1ad83-0b08-47d6-8fbd-f051a5befa09,2021-03-05 19:01:08,Super Creator,"('-38.65333', '178.00417')"
463,e04d7073-8c2a-4de4-91a0-53af920a885a,2021-11-10 08:50:28,Viewer,"('37.73222', '115.70111')"
464,ecb19de5-5c5f-4f2c-9701-ba751ec579ce,2021-02-22 17:42:34,Super Creator,"('59.33333', '18.28333')"
465,447584b4-3f12-428a-aaba-36412f8de8ce,2021-04-04 19:05:47,Gamer,"('41.94175', '123.50266')"
466,88afa92a-ade0-4973-9d23-872c270ecf48,2021-10-26 00:21:37,Viewer,"('51.78967', '1.15597')"
467,022c1627-8cc9-4442-a80b-985cf2dca1c6,2021-06-27 21:01:41,Gamer,"('-21.42917', '-45.94722')"
468,4d4bd16b-c3c8-4e4d-9cfc-83468d0a8f3c,2021-12-08 19:03:18,Viewer,"('14.62578', '121.12251')"
469,10061c77-61b2-4b34-b530-4351b216f384,2021-03-25 13:05:48,Creator,"('41.82143', '41.77921')"
470,4a95e27b-2eac-46ea-90ba-dbf1954b3df5,2021-10-14 17:01:30,Super Creator,"('19.21667', '73.08333')"
471,83d80dee-efe4-4e92-8f99-1b820abff073,2021-03-19 20:56:27,Super Creator,"('14.53767', '46.83187')"
472,cfe81562-61a8-484b-8f06-9760c47fd623,2021-01-03 14:31:12,Viewer,"('53.16167', '6.76111')"
473,8fb18b66-f548-42a7-b394-c1be963cac29,2021-05-16 12:54:25,Super Creator,"('48.28259', '9.72749')"
474,234bfb11-4c45-492f-9023-60137c2dd541,2021-11-20 12:23:08,Super Creator,"('36.92574', '14.72443')"
475,b9fc9bee-129c-41aa-8390-470dc6f4bd07,2021-10-13 01:22:12,Super Gamer,"('14.46693', '75.92694')"
476,9be5adb7-b07d-4f62-88db-0365f488f3cb,2021-09-25 00:44:05,Viewer,"('11.8659', '34.3869')"
477,582ac35a-7240-441a-9417-6b85387a2158,2021-01-06 14:28:26,Super Creator,"('51.95838', '4.47124')"
478,ba78de96-f4d9-4354-94b6-725bad57bcf7,2021-04-18 15:27:46,Super Creator,"('33.50921', '-111.89903')"
479,854b808e-cfe0-4815-a049-8ce64f871126,2021-06-20 12:20:05,Super Gamer,"('-34.28853', '146.05093')"
480,1e7bd02f-dfd7-40a0-bc77-dcd7dd894fc0,2021-04-09 11:20:17,Gamer,"('54.8421', '46.5813')"
481,dffff65f-e04a-4a78-b9db-1f1c194d816a,2021-02-20 08:45:17,Super Creator,"('44.89784', '8.86374')"
482,11091e96-0e43-486a-9849-3521adbc169c,2021-04-26 04:26:50,Super Creator,"('27.0174', '49.62251')"
483,f1d4b388-ca1e-4d77-a293-e2b6ccd3fb2e,2021-05-30 01:45:18,Gamer,"('22.49396', '-105.36369')"
484,727c1297-0c9f-40e4-9ab9-8439ac485281,2021-06-25 13:48:37,Viewer,"('41.55815', '-73.0515')"
485,f22987c8-9382-4fcf-8da2-fd31c1d34e8a,2021-09-29 00:07:43,Viewer,"('54.48147', '53.47103')"
486,900f5fe0-81f7-49f4-aa5c-32f7df558cad,2021-07-20 05:51:52,Super Gamer,"('43.91452', '-69.96533')"
487,335a3eed-f53c-4daa-87b1-1216e6132cc8,2021-02-12 03:24:36,Super Gamer,"('53.37596', '51.3452')"
488,454726f7-b678-4ddf-aaaa-6a40b25284c8,2021-05-30 21:14:07,Super Gamer,"('37.95143', '-91.77127')"
489,fcb97ac6-b5a0-490c-b36f-cfa93608ed4e,2021-04-09 19:42:09,Creator,"('12.25282', '79.41727')"
490,b7a63e60-53c6-4942-b001-d41caf609ac5,2021-05-15 07:56:01,Gamer,"('41.55947', '14.66737')"
491,99d7608b-f498-494b-bbf9-d896cc743b89,2021-05-22 12:50:37,Super Creator,"('34.08565', '74.80555')"
492,9a54edcc-c5a5-4e3a-ac46-3a6ec00a6bc4,2021-07-05 02:31:16,Creator,"('33.98154', '-81.23621')"
493,9a0f8993-78a4-4770-a26d-d4842e32e2ed,2021-05-19 07:57:23,Super Creator,"('38.96372', '-76.99081')"
494,d39f1e34-a123-46c4-afc8-16a30002796a,2021-07-21 17:28:36,Super Gamer,"('37.30553', '120.82747')"
495,8bc05c1b-c99e-4f8b-bbc5-3cbcd61fea19,2021-08-13 10:55:32,Creator,"('0.51667', '101.44167')"
496,2d169120-94c0-4922-8842-e70abe8a0f0f,2021-05-21 02:30:51,Super Gamer,"('39.22493', '42.85693')"
497,4bc16485-1715-4582-9aa4-ae53a33c2105,2021-05-07 12:31:53,Creator,"('40.24537', '-75.64963')"
498,fe060817-d33f-498a-bf2c-9dd6064cba6b,2021-02-14 09:31:14,Gamer,"('-38.65333', '178.00417')"
499,3a2fcae9-5fb4-40ee-8164-1ba621ea02e3,2021-04-12 09:58:19,Viewer,"('45.35', '126.28333')"
500,b104662f-3720-41ab-a5bc-4bfbe158f328,2021-03-02 00:51:30,Super Gamer,"('37.73222', '115.70111')"
501,3493deba-48fb-4e9c-8f73-7793c014236d,2021-02-24 16:11:13,Super Creator,"('45.53069', '9.40531')"
502,4a4c7498-b2e7-4a05-aa75-04d733ceedd2,2021-04-29 01:00:17,Creator,"('36.72544', '3.55665')"
503,1767236e-c6c7-43ec-8ea3-caf3e13464c9,2021-12-11 19:28:40,Super Gamer,"('27.55898', '68.21204')"
504,2d05fd25-b0ec-478b-bff4-a0dd4e3b019a,2021-08-22 04:22:21,Super Creator,"('33.4425', '129.96972')"
505,9a9cacdc-02c6-4516-a9b8-840dd86c4fe6,2021-05-15 04:51:54,Super Creator,"('51.19139', '6.51352')"
506,f55573dc-74ce-45ae-a9ee-c3ddffecd19b,2021-03-19 11:25:29,Gamer,"('36.61954', '4.08282')"
507,75f82701-c310-4db4-852c-34e0b1d6abd7,2021-02-20 02:19:54,Gamer,"('-7.81667', '112.01667')"
508,d36e3c7e-01a1-409f-8575-d8642ef89311,2021-01-01 07:36:19,Viewer,"('14.62072', '74.83554')"
509,d1816433-792c-4dc7-ac48-be238f04fae4,2021-10-14 09:11:23,Creator,"('42.97086', '-82.42491')"
510,f71fa59d-5c44-413f-a7bf-52d75ae113aa,2021-01-14 10:09:02,Creator,"('52.09', '5.23333')"
511,92e43305-ec05-4e53-80ba-69be7c930afc,2021-03-25 03:05:10,Gamer,"('47.76232', '-122.2054')"
512,2b7d2b12-18b5-44a1-90b9-87b247b5571d,2021-04-13 06:33:21,Viewer,"('43.67681', '4.63031')"
513,ef9c0588-bf76-4f5e-a4d6-adc89239de76,2021-11-25 09:25:01,Gamer,"('-37.9', '145.18333')"
514,56d41b80-efa6-4932-b693-6c3eba16585f,2021-09-14 16:06:17,Super Gamer,"('8.79577', '-75.69947')"
515,4c18c6b4-8dcb-4fa5-a2d6-a70b8a8dad59,2021-05-07 17:27:37,Creator,"('35.8', '137.23333')"
516,14c766bf-5f51-4739-9036-10837d769bc8,2021-11-17 03:06:48,Creator,"('24.96334', '10.18003')"
517,b1656ef2-d2b7-4d26-8287-24686b87f6a9,2021-09-21 17:20:08,Gamer,"('18.42745', '-67.15407')"
518,4bfda43a-9dc0-4e39-b1ea-02df1511406a,2021-03-06 20:14:27,Super Creator,"('27.92333', '118.53333')"
519,6c9c02fe-e9f4-4cb2-82db-2231928d81fa,2021-10-18 22:34:51,Super Gamer,"('12.25282', '79.41727')"
520,d9f9538f-1b7e-4f35-805d-924b309d75d8,2021-09-18 15:58:48,Creator,"('42.22718', '14.39024')"
521,355d28ba-c542-4ded-b405-f4f0c95285bb,2021-08-04 04:09:24,Super Gamer,"('42.819', '47.1192')"
522,f108b0a9-5e62-4310-9f89-6727ec84490d,2021-12-02 23:00:18,Creator,"('29.38242', '70.91106')"
523,ccda3a7f-28d7-4ca3-9f29-d3aa181c46e4,2021-09-21 02:20:30,Super Creator,"('50.23805', '8.86704')"
524,4a7d52a8-837b-48aa-9b77-891c50759e4e,2021-08-11 22:21:26,Super Creator,"('19.8173', '-97.35992')"
525,1ab6d781-a50e-42e4-90ff-0138f42762a9,2021-06-07 20:39:55,Gamer,"('20.74122', '-100.44843')"
526,8eaa74cb-7773-4515-ba7c-96a929759bc7,2021-07-27 08:30:44,Super Creator,"('51.40148', '-1.32471')"
527,64dfcaa9-2398-4a66-96f7-3bad61623420,2021-01-14 11:21:39,Super Gamer,"('65.84811', '24.14662')"
528,ade21c6c-c401-4c3a-8945-c74b32759d6a,2021-04-17 10:46:02,Viewer,"('14.14989', '121.3152')"
529,35657cbd-2486-4645-9268-2d7c694699ed,2021-09-04 06:43:10,Gamer,"('36.06386', '4.62744')"
530,ed8ddce1-58b7-46b1-9f20-6e119544646c,2021-06-23 05:00:31,Super Gamer,"('-20.88231', '55.4504')"
531,822fccc0-3580-495b-a09f-21a20d647398,2021-05-21 02:04:29,Super Creator,"('37.19723', '122.05228')"
532,be4979d8-8829-4dc9-818a-f9b84565fb23,2021-02-24 19:52:46,Super Gamer,"('-3.5403', '118.9707')"
533,1811e28b-baa0-4c36-a793-170a240a8311,2021-03-15 18:41:28,Super Creator,"('7.65649', '4.92235')"
534,b8dd0996-af77-4440-904d-b27990757abb,2021-06-22 07:44:02,Super Creator,"('43.62558', '13.39954')"
535,5058b946-2025-402c-ab8a-5314550482cd,2021-03-19 21:05:55,Gamer,"('45.51667', '4.86667')"
536,14910a64-ae16-4d0c-9380-d182dd129b8d,2021-09-25 20:29:45,Gamer,"('43.2907', '5.4384')"
537,87982f3b-c465-47a6-8c8e-4a90970fa414,2021-11-04 02:03:32,Super Creator,"('40.2737', '-76.88442')"
538,9b8274ec-0e8f-47fb-8b16-07e1ec115798,2021-04-24 10:35:01,Viewer,"('44.85278', '65.50917')"
539,e4d88c42-acc4-4200-b754-9d7d6e52d34b,2021-07-23 12:19:44,Super Gamer,"('16.68911', '98.50893')"
540,70e9df5b-cf41-4c7e-9095-e6d8f440b0f5,2021-01-15 03:35:11,Viewer,"('59.37722', '28.19028')"
541,b6aeccba-d907-44fd-9a11-17fc8bcbff06,2021-08-05 13:01:42,Viewer,"('-29.2975', '-51.50361')"
542,eb02c565-291a-4a85-9435-7e87f33c7dda,2021-12-01 08:52:33,Super Creator,"('50.5107', '18.30056')"
543,e5f350c9-4733-406f-99c8-c0b897089619,2021-03-31 05:16:41,Super Creator,"('-6.25', '38.66667')"
544,7ee7ef72-c33e-4a90-b5b8-e7abb4239671,2021-02-06 22:02:21,Super Creator,"('-1.6', '103.61667')"
545,c139c0c9-c847-4777-8aa4-b05f0620e405,2021-10-20 03:29:26,Super Creator,"('14.46693', '75.92694')"
546,ad8c4e07-c627-43f4-acf6-458487bdcc70,2021-04-03 16:25:06,Super Creator,"('-44.39672', '171.25364')"
547,fea5608b-c394-4108-86ea-2d022d65320a,2021-05-12 17:24:46,Viewer,"('45.43341', '-73.86586')"
548,9f9c332c-4ebc-4319-a62b-6fec91818008,2021-03-09 10:32:45,Creator,"('32.42067', '-104.22884')"
549,2a4a5104-fa1d-41ff-ae15-5826b8496a72,2021-07-17 22:50:05,Viewer,"('37.73222', '115.70111')"
550,8ec838c5-e077-487a-a9ab-f9bf144888d5,2021-09-04 10:33:04,Creator,"('-20.87306', '-48.29694')"
551,77224f7c-7e72-47ab-9b65-f809c872efcf,2021-02-27 08:24:16,Viewer,"('10.10649', '76.35484')"
552,7884bd3e-d48f-4afd-87dd-2a7552c04480,2021-02-04 14:51:09,Super Creator,"('33.76446', '-117.79394')"
553,81165a63-fdbc-4091-9352-152f2dd920dd,2021-09-11 13:18:00,Gamer,"('42', '21.32778')"
554,e54058ad-e227-4c88-8ab8-4800120c028e,2021-10-04 21:35:52,Creator,"('53.14657', '140.72287')"
555,2293338c-fe73-4afa-adee-fabffc381990,2021-08-29 02:18:30,Gamer,"('-11.48472', '-37.93278')"
556,967eeb95-b37c-42ce-9f0d-344070b208ec,2021-08-12 11:50:52,Creator,"('-27.50578', '153.10236')"
557,ff67c873-6496-40dd-8ecc-5d873883a763,2021-07-14 00:27:34,Viewer,"('26.32293', '91.00632')"
558,666743fc-62fc-4328-9356-6d77698e7915,2021-10-29 00:34:08,Gamer,"('-54.8', '-68.3')"
559,707a2746-39a9-40a7-8bdf-abafa4738080,2021-03-07 06:10:10,Viewer,"('41.84364', '-87.71255')"
560,d3c26847-87d1-4eda-b85d-556e8138daf2,2021-08-01 16:30:24,Super Gamer,"('51.40944', '46.04833')"
561,175d02ff-9812-40e3-bbee-3bbf6d671865,2021-12-01 12:16:46,Viewer,"('36.81667', '117.81667')"
562,fa3b58d4-780f-43b6-b41d-e4b9cf9950ad,2021-05-25 02:40:23,Super Gamer,"('50.09019', '8.4493')"
563,56be490d-5135-4308-97b1-216be4d7c45c,2021-05-14 20:51:39,Super Gamer,"('37.56667', '140.11667')"
564,83950277-4f38-4fa8-ad8d-b7c71d73d4df,2021-07-13 05:37:18,Creator,"('32.35126', '-95.30106')"
565,64e2ddc4-ced6-4744-b51f-5d6ac81ee3fa,2021-08-22 14:40:31,Viewer,"('23.5654', '119.58627')"
566,0b36b118-ff0c-4c96-a3ef-b6fe4faac714,2021-08-08 19:51:28,Super Gamer,"('23.29549', '113.82465')"
567,3d7ae64c-f10b-44e5-8f19-e762d480409a,2021-07-26 00:01:28,Gamer,"('-28.81833', '-52.51028')"
568,decbc12f-77f5-4ca1-9c4a-8d3eafa14767,2021-04-29 20:41:44,Viewer,"('-3.14306', '-58.44417')"
569,c83b84e1-5f8c-48b5-8f32-74338d49de3f,2021-04-09 18:20:52,Super Gamer,"('39.96348', '-4.83076')"
570,e17a5041-c049-4036-b20c-5ed040bc13cd,2021-10-02 22:38:16,Creator,"('50.72043', '11.34046')"
571,007aef92-9b6b-4cf8-8a15-4d27af281f22,2021-01-05 18:11:32,Gamer,"('-37.32167', '-59.13316')"
572,eafbbc5e-47dc-427a-a988-60f94a85ef96,2021-08-19 17:48:10,Super Creator,"('26.18924', '-98.15529')"
573,404631db-f3db-4596-b11c-162051695899,2021-01-26 12:05:49,Super Gamer,"('11.15583', '42.7125')"
574,b8b8fad4-6967-49f2-b9be-6f1d8841d652,2021-07-22 16:03:49,Super Gamer,"('0.51667', '101.44167')"
575,280a7318-4389-4224-952b-74bec71d2e74,2021-08-25 13:38:00,Creator,"('43.32686', '-2.98884')"
576,4b978311-6f93-4b47-9017-a8fba76ba97e,2021-07-26 04:05:19,Viewer,"('7.57944', '-8.53778')"
577,1b4d93d7-4d04-484c-953d-25b0c9cf5644,2021-10-19 09:04:34,Viewer,"('-1.6', '103.61667')"
578,8cca44d3-04ce-46f7-a776-5d92b079a961,2021-07-31 13:26:39,Creator,"('50.86079', '17.4674')"
579,d1680fa2-c7c5-4da7-9670-df1866169913,2021-09-27 17:24:09,Gamer,"('19.32889', '-99.32556')"
580,53abd1b7-8f0e-49e1-9190-5800116072cc,2021-03-17 19:28:59,Super Gamer,"('6.9909', '79.883')"
581,65c36011-ee73-4288-b1f8-78e1b8068ccf,2021-09-10 02:53:04,Gamer,"('37.16911', '10.03478')"
582,1c68a626-f901-4f64-9c5c-e144c9ccfa53,2021-03-27 23:17:17,Gamer,"('60.18427', '24.95034')"
583,db031c3d-69e4-4c06-91fe-e9be0a3c173c,2021-04-24 11:29:03,Creator,"('40.93121', '-73.89875')"
584,7f49902a-5c65-464e-8d1b-a5ef8cd655f9,2021-07-30 06:43:04,Super Gamer,"('40.1675', '34.37389')"
585,871cd69d-645e-480d-8ea6-bf2f6d647056,2021-04-03 11:44:17,Viewer,"('3.3285', '99.1625')"
586,29997a8f-bb97-407a-816d-5d5a39b7ac02,2021-07-21 21:12:10,Creator,"('-19.32556', '-41.25528')"
587,7be37a51-c2af-4c4c-a49b-49c4c2bf99c5,2021-05-31 11:16:39,Gamer,"('50.80904', '8.77069')"
588,026ee0da-c0e9-4b8b-bda9-33531096ea10,2021-10-18 01:29:06,Gamer,"('11.84962', '-86.19903')"
589,c8e737ea-30bc-4855-bfd6-7052107d4bef,2021-09-20 20:11:38,Creator,"('27.76056', '-15.58602')"
590,8105ba11-f657-4c76-b9d5-7b0c5f38e9ea,2021-04-05 13:15:27,Viewer,"('48.52961', '12.16179')"
591,e7eed2a6-4d1d-4ff2-b642-3768dc6499b7,2021-02-23 19:35:55,Super Gamer,"('55.67938', '12.53463')"
592,8dc915ee-269c-4e0f-878a-c288c331f513,2021-01-22 13:23:23,Super Creator,"('9.6531', '124.3697')"
593,ff4f151f-6a94-4f02-980d-5056ff9cd449,2021-03-09 11:38:55,Viewer,"('34.15429', '3.50309')"
594,24c7393b-ec3b-4f15-bbc4-9631e3e1b951,2021-10-16 14:37:30,Creator,"('44.27804', '-88.27205')"
595,279808f7-be0c-4585-a2f8-31897214116b,2021-01-23 10:42:56,Super Creator,"('33.14447', '47.3799')"
596,a8bea73e-27ff-4d01-80ff-c3cb0a4a689e,2021-06-03 09:29:40,Super Gamer,"('-6.8048', '110.8405')"
597,5c471be2-6bab-40f5-ad84-6f70ca626314,2021-07-11 12:01:37,Super Gamer,"('11.12018', '76.11996')"
598,a8bed2b4-6ff6-4283-8fdc-dc269e9ed3be,2021-10-18 06:30:38,Super Creator,"('22.98212', '-80.58556')"
599,a5968614-a22b-474a-b329-c7d119d7d50e,2021-02-12 13:52:35,Creator,"('25.80565', '68.49143')"
600,5a1c900e-6a14-4426-9595-e0e6fba23dc6,2021-02-07 23:48:55,Gamer,"('34.31', '-2.16')"
601,608b9b25-60a4-49a5-9874-09a3b0774d40,2021-07-05 06:15:06,Creator,"('-27.50578', '153.10236')"
602,8a7648b4-8009-4854-b3b5-5f91223bb2c1,2021-03-07 18:01:00,Gamer,"('42.62833', '20.89389')"
603,fda92ccb-158d-438c-9d1f-23deb86a27e3,2021-09-08 07:32:39,Super Gamer,"('44.80477', '-0.59543')"
604,0f4641ed-3815-426e-9c58-6b9dd3b41a3a,2021-09-14 00:53:33,Super Gamer,"('9.89206', '43.38531')"
605,21b8c26f-5547-4153-9b87-5d62315f7d5a,2021-10-05 07:49:37,Super Creator,"('51.08468', '7.11393')"
606,713e51ae-56e5-4097-b005-1098e6ac78b4,2021-03-11 03:38:27,Super Gamer,"('43.41949', '77.0202')"
607,8d23c80b-8af8-4928-b65e-29e491309ac9,2021-11-11 21:06:21,Super Gamer,"('25.80565', '68.49143')"
608,8776a9e7-9e46-43f4-821b-007545846782,2021-10-03 01:23:56,Super Creator,"('47.80527', '-122.24064')"
609,b1424594-b5a5-433b-9131-3357ed16a649,2021-11-24 09:51:00,Viewer,"('9.92787', '-84.13722')"
610,4b1dd45c-2d4b-47da-ba88-efeff5fae119,2021-06-09 22:58:00,Viewer,"('54.03876', '43.91385')"
611,65f9b8c9-be84-41e8-95f7-049d19e1a252,2021-02-03 22:40:01,Creator,"('46.18396', '6.10237')"
612,862f7285-cef6-4d2b-8247-735779c2532e,2021-07-18 15:03:52,Creator,"('34.61667', '135.6')"
613,9493d101-2c8c-413a-8781-d4417a2c7344,2021-03-11 12:11:53,Super Gamer,"('-8.73508', '24.99798')"
614,0b42a69b-a547-4752-a7b0-b940f72c40ad,2021-08-24 14:58:15,Super Creator,"('50.9803', '11.32903')"
615,8f1acf91-5964-4929-96b4-4dced672c4fe,2021-01-15 18:59:56,Creator,"('40.24537', '-75.64963')"
616,5b9c65f7-90eb-46bb-b325-6dc347156917,2021-03-31 19:23:06,Super Gamer,"('42.8139', '-1.64295')"
617,13df0ed4-cf03-44b8-b1c0-0c6b35a3d250,2021-12-12 15:36:07,Creator,"('19.32889', '-99.32556')"
618,1d157eba-db57-4a02-95a4-4d0dd66ddd5d,2021-09-13 01:45:08,Super Creator,"('45.44868', '-73.81669')"
619,e906e680-9a75-428b-90bf-a54e1f8914d1,2021-04-08 14:11:54,Creator,"('-20.25333', '-43.80139')"
620,e6a88670-7c13-4b2c-8a3b-7e386c371dee,2021-11-24 23:41:33,Viewer,"('43.61062', '-72.97261')"
621,77505cb2-5eb9-4b72-96f9-2fcfec87126d,2021-09-10 13:18:19,Viewer,"('51.12794', '4.21372')"
622,32b02d51-66d3-40d9-895a-b9eb0215c011,2021-07-15 16:01:22,Viewer,"('-4.06667', '37.73333')"
623,74d58e6e-8157-4bf7-a102-4b43218cae43,2021-09-14 12:37:57,Super Gamer,"('-37.9', '145.18333')"
624,d9c07702-7b56-4a31-9dba-0c88ba6b35e9,2021-08-31 20:37:55,Super Gamer,"('46.65581', '32.6178')"
625,410c506f-2de9-4d74-a577-593dffe3030b,2021-02-27 16:06:26,Super Gamer,"('10.66668', '-61.51889')"
626,015019dd-a6ff-4d3e-9b21-13a42845aae0,2021-10-16 11:54:11,Creator,"('47.83333', '59.6')"
627,6364810c-fb06-46b8-a96f-82a8fb3514bd,2021-02-17 19:18:31,Gamer,"('22.37066', '114.10479')"
628,3289bf52-8670-4cc7-8ae0-5937321c302e,2021-11-26 11:05:32,Super Gamer,"('53.49389', '-1.29243')"
629,04458977-eff5-44f7-bead-09879b4e0f34,2021-03-09 11:11:35,Viewer,"('51.14942', '15.00835')"
630,b1c9996f-92f7-443e-8dab-0432483281cb,2021-10-22 00:25:50,Creator,"('46.23899', '-63.13414')"
631,4ce801d5-2462-4aa3-af06-0ef7a07a3606,2021-11-09 09:30:55,Super Gamer,"('-31.4488', '-60.93173')"
632,e5d8698c-31c1-463a-8d52-8e605366c9ca,2021-11-10 21:28:17,Gamer,"('45.44694', '8.62118')"
633,c062cf79-8ccb-4a67-9d02-7806470ccdd7,2021-11-24 07:27:56,Gamer,"('31.71667', '73.38333')"
634,d7ebfedb-b85e-4603-ae39-292488dc47fa,2021-12-09 04:41:42,Gamer,"('48.28259', '9.72749')"
635,726fada8-4c18-45dc-aea2-e99a5701bf86,2021-06-10 17:41:20,Viewer,"('52.57583', '6.61944')"
636,46d10c07-3399-49e5-9957-f89da767a226,2021-03-12 12:08:35,Creator,"('39.46667', '141.95')"
637,bdca3d4a-a4e9-4f50-b87d-20a926d0f74e,2021-07-31 17:24:10,Super Creator,"('36.20829', '-115.98391')"
638,21b27393-2dc2-496d-9b27-a2a42748e226,2021-09-19 23:36:06,Gamer,"('-7.73379', '113.69785')"
639,8768d823-c5ad-42d6-b08a-f847a9bfecf9,2021-08-24 03:23:50,Super Creator,"('50.82709', '6.9747')"
640,3f034c64-c11d-4c11-a26f-71adcd0ae2ab,2021-11-18 22:14:30,Creator,"('45.75279', '130.57211')"
641,782bd0ef-3e2d-4754-802b-5ddf49b2564c,2021-08-27 03:33:05,Gamer,"('34.09611', '-118.10583')"
642,aa4a21a8-6611-484f-8a80-1b15cfef08d0,2021-11-19 05:49:04,Viewer,"('60.2052', '24.6522')"
643,58e88922-9386-41cc-a87a-9d42c1535954,2021-09-25 19:57:21,Viewer,"('14.37395', '100.48528')"
644,5218deb4-1935-4819-a8b7-b9edb03cc155,2021-09-18 20:08:37,Gamer,"('36.82167', '128.63083')"
645,ff1946db-e085-4d32-aa19-e6f01e055416,2021-08-13 18:58:40,Super Creator,"('32.9156', '-117.14392')"
646,cf2b786c-b3e5-47c8-9217-9fff728a6d13,2021-12-15 06:52:35,Creator,"('-11.78333', '19.91667')"
647,0287bf80-0314-495e-ba5a-04257781c58a,2021-10-23 05:12:09,Creator,"('40.37528', '28.88222')"
648,b9cbbf41-8669-4843-832c-980bc014e7be,2021-10-15 13:35:20,Gamer,"('36.76639', '3.47717')"
649,bbd1d57a-9565-4c8c-957e-c96883300f3e,2021-11-02 02:15:25,Viewer,"('34.75856', '136.13108')"
650,4f62597b-26d5-49af-aded-44e5090b9d2a,2021-07-07 21:03:37,Super Creator,"('34.9', '137.5')"
651,5c2a1b06-3f3b-4e61-9ea8-669cb76c5dd1,2021-09-27 23:37:03,Viewer,"('53.59782', '34.33825')"
652,66face36-3144-44c3-9a40-5a393a3ad4c6,2021-01-24 14:08:35,Super Gamer,"('-6.25', '38.66667')"
653,ddfeab0f-274a-4cab-86c2-873cbd8e485e,2021-02-23 12:12:07,Creator,"('27.9247', '78.40102')"
654,63c9023e-64a3-4c67-9516-3d4beddb3923,2021-01-25 21:16:43,Creator,"('33.52253', '-117.70755')"
655,90647a91-884d-4817-85b0-fb21d4afb1f9,2021-10-07 05:29:46,Gamer,"('53.93361', '37.92792')"
656,779ea652-ed45-40c1-870c-2a5b0e64b8e5,2021-02-15 15:43:41,Creator,"('26.2173', '-80.22588')"
657,6053c3a2-b6ae-44e3-8531-f899f14987a8,2021-04-28 15:45:41,Super Creator,"('15.46063', '99.89166')"
658,d496e243-204c-4abd-ab34-ce1a19b6e935,2021-08-25 12:29:53,Gamer,"('33.37526', '74.3092')"
659,9385dba4-9ca2-4de9-99ec-198c1a7409d0,2021-01-23 19:35:11,Viewer,"('44.97639', '19.61222')"
660,4bcc7557-3760-49e3-895a-f122d9d112f1,2021-08-05 21:42:46,Viewer,"('35.06544', '1.04945')"
661,d527aec9-dc53-47a9-9f21-9cc1820cc3f5,2021-01-22 11:07:47,Viewer,"('23.0072', '-82.4017')"
662,2e1e2f0c-09f5-4606-951a-b75c82f29646,2021-04-29 09:08:15,Super Gamer,"('-2.90055', '-79.00453')"
663,d019d3cc-07d3-4533-a697-865ddfa886fc,2021-12-08 21:43:03,Super Gamer,"('48.86667', '2.08333')"
664,82f4f1d0-9a77-40b1-a816-aff717c53ba2,2021-12-11 14:39:08,Gamer,"('50.56149', '4.69889')"
665,ffaed591-9da5-4094-9e93-040f4300cf29,2021-04-24 04:33:56,Super Gamer,"('4.73245', '-74.26419')"
666,09fcda95-6b40-47f7-a5ea-684a095b201d,2021-06-10 21:22:15,Viewer,"('29.69221', '72.54566')"
667,8b5d86be-9382-4390-b2d1-390456e4b21d,2021-11-26 21:19:40,Creator,"('53.6052', '10.03988')"
668,6b696e26-510c-4baf-aa4e-347d2360c0f5,2021-03-11 16:31:53,Gamer,"('40.60538', '-73.75513')"
669,7872da48-f390-4ac6-a53c-324a179e7459,2021-10-29 22:50:13,Creator,"('3.51667', '11.5')"
670,c5b842c4-5363-4be2-be32-7aa5f4279698,2021-05-08 03:03:40,Viewer,"('53.37596', '51.3452')"
671,10a05b48-4730-4fd5-a5bc-d2f6aba7dd5c,2021-03-14 01:55:33,Viewer,"('51.42708', '-0.91979')"
672,b604f8cf-7d9c-40b0-8bf2-3bd260b3be3e,2021-06-22 23:17:26,Gamer,"('43.82634', '144.09638')"
673,e977b3ad-efc3-4dee-842e-2c48a90879b9,2021-05-20 05:38:08,Super Creator,"('40.24537', '-75.64963')"
674,748102c4-33d6-4f3c-81e3-e7f0820e7e5f,2021-01-21 02:44:53,Super Creator,"('41.66394', '-83.55521')"
675,111bd80f-e8fd-4bb3-ae02-907876ecad05,2021-09-05 07:19:31,Gamer,"('61.72744', '17.10558')"
676,7a872ba5-aa1b-4374-a4e5-73a555e6e0b0,2021-09-02 10:53:11,Viewer,"('55.75556', '60.70278')"
677,d61f77a9-cbaf-4da5-b7a7-02d7853e6b96,2021-08-16 04:44:47,Viewer,"('35.6803', '51.0193')"
678,7aecadca-74cf-422c-a118-81af2b5c7fdf,2021-05-19 18:48:09,Super Gamer,"('41.27194', '123.17306')"
679,18c40ee8-34d1-42f4-8e60-551f219e9af8,2021-10-28 17:24:40,Gamer,"('17.06542', '-96.72365')"
680,eebaa560-eaf4-4424-bf54-f8d74905975a,2021-11-11 11:49:34,Creator,"('-15.21194', '-75.11028')"
681,513c26ab-70a1-4be4-97b3-837f62089c54,2021-01-02 11:28:59,Viewer,"('-6.25', '38.66667')"
682,dee7a6ca-f26b-496f-b29a-99dcda6ee547,2021-01-02 15:01:25,Super Gamer,"('3.3285', '99.1625')"
683,6dc67320-63a5-45d9-8f1b-2c97c07ca935,2021-10-09 16:20:01,Super Gamer,"('50.75767', '-1.5443')"
684,c857f75d-9a86-4af9-8c76-502a96d49b32,2021-12-03 19:26:28,Super Gamer,"('-34.74785', '-58.70072')"
685,a3d2cffc-8286-47ac-bd57-6d291b60248f,2021-01-11 02:39:11,Super Gamer,"('48.35149', '8.96317')"
686,e900218b-d526-4b6f-ae52-be2fb8aa5245,2021-07-14 11:05:50,Super Gamer,"('53.53041', '43.67663')"
687,3d1f0541-9dce-48a0-b388-3149b8c07ed0,2021-02-06 08:37:17,Super Creator,"('27.34089', '117.4831')"
688,51535c8c-9dbd-4526-b8ba-f3d4b37f6dcf,2021-10-02 14:33:36,Super Gamer,"('-6.8', '39.25')"
689,423c17d2-adf1-4236-b6ea-2b2b9372ab04,2021-04-13 20:01:08,Gamer,"('52.68333', '0.93333')"
690,09ae384e-5232-4d49-8dfa-4efdbba2e754,2021-05-24 02:38:28,Super Creator,"('6.84019', '79.87116')"
691,07d4c584-1b5a-4e5a-ac90-c0a1f91c593d,2021-10-26 18:12:27,Gamer,"('36.53333', '136.61667')"
692,4b65d19d-0442-4617-886f-f8d2bea13ddc,2021-08-03 03:49:15,Super Creator,"('36.64852', '51.49621')"
693,518ee7d1-ffe4-41c9-8601-b2f724f4798f,2021-07-05 05:04:45,Gamer,"('22.10194', '85.37752')"
694,64ada2e2-cd3f-44bc-952e-7aa1050d34cc,2021-08-04 17:49:53,Gamer,"('29.69221', '72.54566')"
695,d6fb44a6-87bb-4caf-b28d-58b860e26d48,2021-03-18 15:30:46,Super Creator,"('40.82232', '-74.15987')"
696,168b5508-6d34-4011-a6a6-4920607d550f,2021-10-17 12:04:32,Viewer,"('18.00747', '-76.78319')"
697,5720551a-2ab8-48e9-beff-2f56d8e66cfb,2021-06-05 02:38:20,Super Creator,"('17.94979', '-94.91386')"
698,de64833a-b844-4192-982d-093d326557ed,2021-07-26 20:46:46,Creator,"('42.52787', '-70.92866')"
699,fd5521f0-d968-4090-bbfd-1b9a845a366c,2021-06-03 18:20:34,Super Gamer,"('2.2139', '102.3278')"
700,bcde0c42-3450-43aa-bf36-1511f347fabb,2021-12-02 00:39:55,Super Creator,"('5.4709', '100.24529')"
701,c33ec730-5fae-4fb3-910f-9ed6d296a98b,2021-06-21 05:14:19,Creator,"('36.61033', '-88.31476')"
702,b44c7c4c-9436-467e-9d37-699cdaca29bc,2021-09-27 06:27:05,Gamer,"('6.15038', '6.83042')"
703,0fb07464-fd42-4c08-b16f-fe15a9ecacca,2021-04-04 06:38:31,Viewer,"('-17.83333', '48.41667')"
704,59995457-d95f-475e-8c0e-f015d0f698fa,2021-05-03 22:18:37,Super Gamer,"('36.75965', '137.36215')"
705,547700f5-8760-42fb-8ecb-481c934171b3,2021-07-07 14:20:27,Super Creator,"('42.93369', '-72.27814')"
706,96bc14e6-7f18-4c84-a2ab-5800eb15ccf2,2021-07-27 08:58:55,Super Creator,"('33.4425', '129.96972')"
707,2553b4cb-445f-45b4-8a46-6dc322f600f4,2021-04-05 07:59:57,Viewer,"('-21.42917', '-45.94722')"
708,fdeadab8-650e-4116-a7f3-c78e714af0b9,2021-02-18 00:14:16,Super Gamer,"('40.11583', '67.84222')"
709,f4552bb1-b079-4c1d-895b-dcf1d746aab3,2021-12-06 16:14:33,Gamer,"('42', '21.32778')"
710,5907522d-6d0c-435a-8f6c-776f4f01551a,2021-05-05 20:34:18,Viewer,"('53.63333', '9.85')"
711,32b569ce-7375-4f4a-9c51-be358745f2c0,2021-08-24 02:56:20,Viewer,"('36.20829', '-115.98391')"
712,480bdb23-b6ea-4cf9-a72e-5fbf3b9c8e43,2021-10-02 05:49:46,Gamer,"('10.58806', '77.24779')"
713,50ec2f63-fbd6-4c43-a124-367e21553f43,2021-01-07 01:04:39,Creator,"('34.06635', '-84.67837')"
714,1b193c83-9ddd-4903-823d-ddf2329f86c0,2021-03-03 05:25:03,Creator,"('38.38479', '-0.76773')"
715,b77f7f82-b7ff-47ee-a01a-0bb782845fdc,2021-02-01 15:43:55,Super Gamer,"('17.06542', '-96.72365')"
716,b27e9f73-4514-462a-a265-35203930a9af,2021-09-02 20:12:02,Super Gamer,"('46.32313', '-0.45877')"
717,6251fc65-7b08-485a-83a5-91a05a31687d,2021-06-07 07:00:48,Super Gamer,"('53.5942', '25.8191')"
718,34beeedb-e389-4079-a78e-8e449765d668,2021-04-03 20:18:23,Creator,"('14.66', '120.56528')"
719,7ee695ec-5b48-49f0-9dc2-6bbd8fe03202,2021-09-20 01:05:23,Super Gamer,"('33.42585', '-6.00137')"
720,f559d0b7-dfb8-468e-a243-ec55e46617a7,2021-01-11 17:29:06,Viewer,"('37.08819', '-8.2503')"
721,809e6d6f-fa3c-4c5c-84fa-e55006267201,2021-01-11 11:56:49,Creator,"('30.81383', '75.16878')"
722,4646fa98-854d-4e26-9ca8-79f88f219097,2021-12-13 02:52:21,Gamer,"('34.8825', '128.62667')"
723,de3c4db2-06b7-479d-bb62-5b39fe40dca7,2021-04-24 12:01:54,Viewer,"('42.93369', '-72.27814')"
724,fb905619-d898-49a1-8758-c5edd8f94f5a,2021-04-16 19:08:07,Super Creator,"('36.75965', '137.36215')"
725,a9687973-bf1c-47f9-956a-1f07a24abe2a,2021-09-06 21:08:28,Gamer,"('43.78956', '7.60872')"
726,47421247-9b0f-4947-ba01-b0db24256b22,2021-03-02 20:10:35,Gamer,"('37.49223', '15.07041')"
727,c5d79d2d-7ca5-406b-86fd-a0d21b8adde0,2021-12-07 21:27:47,Creator,"('12.95629', '78.27539')"
728,c0ad8e65-4446-4778-b0e6-75f73f9b8bb2,2021-08-04 08:11:22,Super Creator,"('40.64621', '-73.97069')"
729,4bb39d06-17c6-4b36-9f07-ba911bc4b08a,2021-07-21 04:41:05,Viewer,"('35.64889', '117.27583')"
730,1b8973fd-6d9f-4a8c-8a19-e8ae4f63a17f,2021-09-02 03:04:24,Super Creator,"('10.22677', '-67.33122')"
731,c328e7b2-ed54-4590-b887-d72297aca7a5,2021-01-17 20:41:43,Super Gamer,"('48.8449', '17.22635')"
732,183741ef-5d78-4529-a108-bd8b612bcde9,2021-04-27 02:30:19,Gamer,"('30.16688', '-96.39774')"
733,b081b6c2-0287-4096-939f-598a200eaca3,2021-03-12 03:10:07,Super Gamer,"('34.15429', '3.50309')"
734,65ad0661-1ad4-4a93-939f-72123afedfc8,2021-08-17 15:13:56,Creator,"('39.78504', '-85.76942')"
735,a2a2292c-ddbb-4746-ae51-576877871128,2021-06-25 19:03:08,Creator,"('33.92866', '-6.90656')"
736,6bb6f536-a37b-4bda-8ad5-4b3f00f477bd,2021-06-23 12:04:43,Creator,"('21.01858', '-101.2591')"
737,1b354afb-a8fa-4b43-b954-b0a1ebe00aaf,2021-10-08 02:56:56,Super Creator,"('31.76212', '-95.63079')"
738,7bab288e-cbbd-467b-9f4c-6a1a4e2ac62f,2021-11-04 09:38:35,Gamer,"('40.49748', '44.7662')"
739,3729cedd-af2e-44e2-bc8d-5e1fa3198d38,2021-06-28 10:11:25,Gamer,"('-10.91111', '-37.07167')"
740,f9ff7109-c3cf-44d4-b8bf-f8528c48c5c8,2021-03-22 22:02:57,Viewer,"('53.77166', '38.12408')"
741,93c760bc-84ec-4c16-a261-b102e256d859,2021-07-24 09:52:42,Viewer,"('41.14676', '-73.49484')"
742,db936c87-5e22-4545-b583-bccbe0fe760b,2021-04-27 08:27:12,Super Creator,"('34.9', '137.5')"
743,cc2804d1-3e09-4a95-a743-1a50847eb2fa,2021-03-20 05:45:53,Super Creator,"('-21.205', '-41.88778')"
744,373279fd-a458-4eae-a290-5321627e4d67,2021-02-23 08:16:26,Super Creator,"('45.53929', '-122.38731')"
745,cf685b6f-f975-4537-8d7d-77889af1fb7f,2021-01-25 06:11:23,Gamer,"('33.43443', '-5.22126')"
746,3a102943-acdb-4a27-bc99-9d71ee5b9749,2021-10-15 02:23:44,Viewer,"('6.46346', '-2.31938')"
747,111b2175-95e8-437c-825c-e6229c4f3e73,2021-06-27 12:52:11,Super Gamer,"('12.95629', '78.27539')"
748,02b3df53-9cbd-4f78-98fe-87f963d1de47,2021-08-31 13:16:16,Gamer,"('51.95838', '4.47124')"
749,1fc39a6a-1eaf-415f-881a-b91621f723d0,2021-03-03 17:03:02,Gamer,"('53.93361', '37.92792')"
750,440b0165-274d-4ff4-8eba-e13b132a060c,2021-02-06 17:03:53,Creator,"('41.55815', '-73.0515')"
751,56d93ac4-ff1d-49d3-a968-5838cb844dfd,2021-06-28 20:03:07,Super Gamer,"('52.14', '5.58472')"
752,9be31af3-06fb-449f-8a77-9c77a4f90408,2021-04-06 09:10:08,Viewer,"('4.94273', '15.87735')"
753,d2b18641-5ac6-4856-9af3-4bea63daf8f1,2021-03-04 10:19:28,Gamer,"('39.08367', '-84.50855')"
754,0ef242cf-8c59-45d7-acfc-dadce146c907,2021-11-09 21:20:32,Gamer,"('52.14', '5.58472')"
755,3a842069-3f67-4512-856f-4c6a3c367ead,2021-04-21 00:13:38,Gamer,"('40.37528', '28.88222')"
756,e1ec93c1-cac3-4adf-b0c9-676cc66a9bd8,2021-07-31 20:27:05,Super Creator,"('-33.59217', '-70.6996')"
757,4605bb0c-7ead-4516-8657-217dd42812b7,2021-02-04 13:14:22,Super Gamer,"('18.18158', '76.03889')"
758,1ce0c003-25e7-473f-8796-0fe04d6c275c,2021-03-12 08:58:42,Creator,"('4.2475', '9.00472')"
759,cf50fc6d-14d4-4103-b649-36b1408cc115,2021-09-22 22:01:26,Viewer,"('44.43579', '26.01649')"
760,5d2f43fd-2aa4-4c36-a073-1cb0c5928912,2021-08-05 00:03:23,Creator,"('37.49073', '-2.77259')"
761,0aa48365-e1d6-4dbf-8c92-87fe3f3be211,2021-03-06 11:10:04,Gamer,"('25.87498', '86.59611')"
762,94e9a131-aeb5-46e8-8818-7a10f62d379c,2021-09-17 12:47:40,Gamer,"('9.3337', '122.8637')"
763,4d34d9e8-bd80-47ec-9818-6482405a7b78,2021-08-09 13:57:17,Super Gamer,"('-6.8', '39.25')"
764,1d9309a0-ee8a-4b8c-aea7-c0eb8e31a59d,2021-04-03 03:26:55,Viewer,"('23.18', '88.58')"
765,30f32365-1d5b-49c9-a3dc-17aa3038f008,2021-07-09 02:11:24,Super Gamer,"('25.13915', '73.06784')"
766,d12c18a4-bd6f-4a41-b867-bc85b5f0ef01,2021-09-16 00:47:18,Super Creator,"('38.55632', '69.01354')"
767,db8033d9-f4f0-400a-8454-693ece649215,2021-08-12 22:09:13,Super Creator,"('-33.88096', '151.07986')"
768,9d7058a1-a664-4369-9c6a-f477d2133d51,2021-02-02 07:27:46,Super Gamer,"('60.97944', '76.92421')"
769,b90e1c22-dbd8-4dcf-9058-dde98bdc8a9a,2021-07-07 00:43:13,Viewer,"('37.51803', '15.00913')"
770,e21837ba-c601-4a3e-8af0-70862f616b2c,2021-11-23 14:30:33,Gamer,"('54.03876', '43.91385')"
771,3f94164a-a015-454e-81d4-47a3eb92cf66,2021-11-09 06:24:43,Super Gamer,"('-11.48472', '-37.93278')"
772,d4eab92e-bec3-485d-b15c-98a08812aae8,2021-12-11 02:37:13,Super Creator,"('40.87363', '14.34085')"
773,16755208-dfb5-408b-8d5c-e426dd438bb0,2021-08-03 13:32:22,Gamer,"('54.8421', '46.5813')"
774,ba29cf14-824c-4c3e-8c78-5221b153c272,2021-10-29 13:47:01,Super Creator,"('23.07492', '88.28637')"
775,eebc79dc-ec39-449b-aac4-db6165bec582,2021-06-09 17:35:57,Super Creator,"('40.53123', '17.58522')"
776,4b0231e3-2ced-453a-934c-5473c0901c0a,2021-02-06 13:57:06,Creator,"('36.6009', '126.665')"
777,ef61c25d-fac9-4769-8131-187b7dfd27c0,2021-01-30 18:37:24,Super Creator,"('41.66394', '-83.55521')"
778,f64c554e-3963-4343-bc71-5ca5dc49c4e6,2021-09-03 09:41:35,Gamer,"('51.30001', '13.10984')"
779,b6367373-58d9-46e6-9775-c66e7e63f410,2021-01-10 11:33:58,Super Creator,"('50.76306', '-1.29772')"
780,dc4431f1-21c0-4f95-87a2-18283eecb498,2021-03-17 03:06:48,Super Creator,"('-21.44345', '-65.71875')"
781,2be6ae40-3881-412a-aff4-889fae23a013,2021-01-06 07:11:03,Gamer,"('53.37596', '51.3452')"
782,558af142-efec-4fa7-8a70-e5dffe46fc5d,2021-09-17 01:29:35,Super Gamer,"('38.40917', '112.73333')"
783,23bb747e-fe42-40af-baa0-248df1f1a917,2021-06-21 22:33:14,Viewer,"('-16.25', '-69.08333')"
784,6d58b3f2-2990-4294-aadf-ba7e670248c5,2021-08-26 21:46:26,Gamer,"('33.4425', '129.96972')"
785,e983ce8b-da05-43b8-9d1f-4d11eab5315f,2021-03-26 11:47:29,Creator,"('37.52487', '-77.55777')"
786,e075276c-0317-43f7-93be-cfdb0640ef38,2021-06-28 01:58:37,Super Creator,"('45.39402', '9.29109')"
787,aba29589-7865-47b2-acf8-066e455c37b9,2021-02-28 10:27:35,Gamer,"('51.38673', '0.30367')"
788,d384027d-ae16-457e-b472-a143e84eb446,2021-08-10 15:21:38,Super Gamer,"('27.71809', '-82.35176')"
789,fbf93fbf-a935-436f-8516-8acb863e779f,2021-02-04 04:14:46,Super Gamer,"('5.84752', '-5.682')"
790,e1bd126f-a9fa-4914-ba4c-b750b84fb20d,2021-11-14 10:27:23,Super Gamer,"('39.72943', '-104.83192')"
791,08323e29-9950-4ea7-8128-91a54117c5f5,2021-03-16 23:43:18,Super Gamer,"('53.19146', '-2.52398')"
792,3339d78e-461f-4037-94ce-e3f8f07276c8,2021-09-10 04:13:46,Super Creator,"('32.57756', '71.52847')"
793,7d3a2dcd-4e8a-4fd1-b906-d7c5b53c4d29,2021-10-04 00:54:40,Creator,"('33.45122', '-86.99666')"
794,25c9a6e0-96b2-4c2f-8b77-6baad0173ac4,2021-02-24 02:54:47,Viewer,"('-15.21194', '-75.11028')"
795,6def3fa3-7ad4-4431-9c96-55af6ee7193c,2021-11-16 20:36:16,Creator,"('51.21667', '6.26667')"
796,f704db53-eacf-4689-ad42-6477592cd3f6,2021-09-19 12:05:35,Super Creator,"('36.21544', '65.93249')"
797,5b5c6654-d67f-44a2-acf1-87068300de8f,2021-11-21 05:53:29,Super Gamer,"('55.75556', '60.70278')"
798,43b0c366-4f5e-47e4-8cbb-bb73397d9b1f,2021-01-27 04:22:59,Viewer,"('52.66277', '-2.01111')"
799,368a724a-ea0f-4e4a-84b4-a26b24e6ad15,2021-01-10 17:18:20,Super Creator,"('10.58806', '77.24779')"
800,f9cd24ea-eb70-48d0-8fdf-af910d2dcf67,2021-10-16 17:18:08,Gamer,"('36.76639', '3.47717')"
801,18b15bb6-2e5c-4913-9348-2cff513acd75,2021-08-25 18:59:43,Viewer,"('30.75545', '20.22625')"
802,b34bce55-f7ad-4852-afe6-6bc486f018fe,2021-05-12 14:37:02,Gamer,"('13.73417', '-89.71472')"
803,1d7ddd9a-8e4b-4925-8deb-83d5db9f014a,2021-06-27 21:53:04,Super Creator,"('51.44889', '5.51978')"
804,2ecc39ee-154d-40bd-8c40-6fe92b0fb731,2021-06-25 16:30:29,Super Gamer,"('14.62578', '121.12251')"
805,c1c68262-ff75-42a5-bd04-398c43e9b0e1,2021-10-11 21:22:00,Creator,"('47.98372', '10.18527')"
806,0f5f415f-6b0e-416e-8a17-1526239cc506,2021-03-09 19:15:35,Gamer,"('68.79833', '16.54165')"
807,b4f3f4e3-7316-4a64-9015-eb9361de382e,2021-11-29 18:14:00,Gamer,"('-22.92306', '-53.13722')"
808,f1a18975-d3ee-4d33-b9db-69d75011c093,2021-11-03 05:14:03,Super Gamer,"('55.38752', '36.73307')"
809,f2a4aa8c-8936-44b0-a698-687a5550b87c,2021-06-09 06:41:55,Creator,"('3.7278', '98.6738')"
810,1349faae-5547-4996-84eb-ebfdf7af7e83,2021-01-04 10:17:38,Gamer,"('51.88333', '8.51667')"
811,7c4bb443-fdb7-43cb-8655-67b356293bb9,2021-10-24 19:18:11,Super Gamer,"('0.03813', '36.36339')"
812,fadd531d-ac26-4862-a195-9b7e60e7b45c,2021-01-24 23:57:07,Super Gamer,"('35.95664', '36.7138')"
813,7bcd8718-ccf9-428f-8a32-a075e28acd28,2021-08-17 08:38:18,Creator,"('-23.7975', '-48.59278')"
814,1acac44e-28ce-4801-ae6e-8d80afdff1e0,2021-03-23 06:09:51,Gamer,"('47.48444', '36.25361')"
815,d2a28f77-3976-4e4f-af5d-b70d90504571,2021-03-26 14:46:58,Creator,"('13.48082', '-86.58208')"
816,4fbc9eb8-06b3-4772-84eb-b369d86d6966,2021-09-10 14:41:56,Creator,"('36.76639', '3.47717')"
817,c2eed63d-197f-4be0-8d98-ddc34e596d20,2021-06-29 09:59:43,Gamer,"('25.66795', '85.83636')"
818,d7c5fe98-3b65-4eae-91f9-dc46a60fcf02,2021-05-24 18:22:51,Creator,"('52.31333', '6.92917')"
819,585ba794-a9a7-4165-8f6b-58054c3a8397,2021-04-29 19:04:50,Super Gamer,"('19.32889', '-99.32556')"
820,4e736945-0f89-4941-aa15-69cd47c3e187,2021-11-24 08:30:54,Gamer,"('45.69558', '4.7934')"
821,5fdac0e1-447a-4e25-9430-3c57d0ad39a9,2021-07-10 11:28:13,Super Gamer,"('34.85', '117.33333')"
822,366ac39d-58ac-4349-9e42-4e53b7647d34,2021-01-04 08:50:49,Super Gamer,"('39.12074', '27.18052')"
823,952895f8-3dab-4e86-aaca-2f8e436a89ab,2021-07-17 04:20:55,Viewer,"('43.62558', '13.39954')"
824,f589baa4-583f-46fb-ae9f-4c3f031ce544,2021-09-23 23:49:05,Viewer,"('20.88197', '85.83334')"
825,4bfa1991-cd7e-41b0-8eb7-452e123249f2,2021-07-30 13:14:25,Viewer,"('10.66668', '-61.51889')"
826,3a4ff1db-8a58-4a3b-872d-8bf143067225,2021-05-16 17:37:46,Viewer,"('33.95015', '-118.03917')"
827,373f4482-baca-450a-9443-2e1af62a4aac,2021-08-28 16:13:23,Creator,"('-22.53722', '-42.98194')"
828,e5564151-6819-4560-b743-0fe319ab1b56,2021-06-24 09:33:41,Creator,"('-23.7975', '-48.59278')"
829,241559a2-599c-49df-bc97-d82bf8d10f79,2021-07-12 20:04:08,Gamer,"('31.28092', '74.85849')"
830,89595f22-dde9-4f9c-9467-26e4b66e36cc,2021-12-09 21:50:06,Super Gamer,"('41.15376', '-87.88754')"
831,e8946992-d077-4187-b74d-15282dda9386,2021-02-17 15:39:28,Creator,"('42.7', '27.25')"
832,e2fa2bb6-03de-4887-a118-2ddfbcb7587e,2021-01-01 08:07:49,Creator,"('48.86667', '2.08333')"
833,5989bfac-aee4-44e8-8c75-6863ff4d43b2,2021-05-04 09:39:19,Super Creator,"('32.54044', '-82.90375')"
834,c3c31680-973a-45a0-9d32-b2711494d752,2021-06-19 09:20:11,Super Gamer,"('-4.16694', '-40.7475')"
835,8dfe678f-c1c5-4b12-b934-8560dec64182,2021-11-05 20:29:07,Super Creator,"('34.65918', '109.22921')"
836,eb90ee74-08d9-49f2-8455-4402c4ceacbb,2021-07-23 19:32:40,Creator,"('20.21322', '-100.88023')"
837,30fd8ec0-8374-4f85-b852-dd7e827a74e6,2021-08-01 17:10:47,Viewer,"('50.71229', '4.52529')"
838,8705f8f6-cc1d-4a8a-8d96-7bfbbe476c4a,2021-04-28 12:33:12,Super Gamer,"('-7.0981', '109.3243')"
839,baa84343-c497-4a17-8e17-e851163977af,2021-06-06 04:34:23,Super Creator,"('14.14989', '121.3152')"
840,537651ba-033a-438c-832a-ac1ddb7027a1,2021-08-19 10:57:44,Creator,"('51.19139', '6.51352')"
841,f1dc4550-7c38-4e5a-83e5-3f73d348f84b,2021-06-15 21:56:55,Super Creator,"('48.77644', '2.29026')"
842,ce4125fb-cd1d-4f11-be60-fad42bdb723f,2021-08-10 09:57:11,Viewer,"('37.30553', '120.82747')"
843,180e4ce9-f29b-4d2e-a9c5-a2ca169649e9,2021-06-01 19:30:29,Super Gamer,"('34.5624', '38.28402')"
844,addab700-7a42-45e2-af49-219578b3c3ba,2021-05-03 15:46:53,Gamer,"('26.91756', '-82.07842')"
845,9b85c961-aeec-46d0-a65f-78f0a7417528,2021-01-22 08:27:33,Super Creator,"('51.39323', '0.47713')"
846,558e3c28-d34e-4fc6-bece-835a376855c4,2021-12-01 04:46:39,Super Creator,"('37.65639', '126.835')"
847,1e77c24f-5637-4eac-b2cb-b64af6281d33,2021-06-11 19:57:53,Super Gamer,"('6.25947', '102.05461')"
848,49ccd0e4-42b8-4e43-860c-fb5a2b19bfea,2021-09-14 18:38:07,Creator,"('10.20898', '123.758')"
849,9efb97d9-83c2-40fa-a649-3ed16d0cd576,2021-02-22 01:09:11,Gamer,"('24.41288', '76.56719')"
850,38ab85a8-d4ed-4e5c-a833-1d5745f189cf,2021-03-03 11:17:57,Super Creator,"('10.22677', '-67.33122')"
851,38d4cfca-8581-4341-936f-cc7060410180,2021-09-21 17:12:39,Super Creator,"('29.84576', '-90.10674')"
852,0bde12ae-cd3a-4c8a-9e37-8e9ad2f314bf,2021-06-09 15:44:30,Super Creator,"('51.26', '-2.1875')"
853,cd977b32-6434-4c0c-80c4-728c7723b01c,2021-06-30 11:43:02,Gamer,"('20.74122', '-100.44843')"
854,4a8ee874-637b-40d4-a0f7-cbdf67af8687,2021-05-12 05:56:16,Creator,"('20.74122', '-100.44843')"
855,cd22a14c-9a77-4f32-b6e2-5b5ac117696f,2021-10-19 00:55:39,Super Creator,"('37.74615', '-25.66689')"
856,fbec8d16-aacb-4d09-942d-e86a828be31e,2021-01-31 20:27:21,Gamer,"('47.90771', '106.88324')"
857,dc03a14f-743f-4799-9139-db83da8cfa35,2021-01-25 05:42:34,Viewer,"('-54.8', '-68.3')"
858,30eb987d-a1df-456e-90a6-d70579a33789,2021-04-15 03:00:02,Gamer,"('42.24113', '-88.3162')"
859,4c1bcbd0-f410-447d-931a-d3ebaf25cd1d,2021-01-26 01:02:33,Super Gamer,"('26.11527', '86.59509')"
860,3fb33c17-aaf7-4921-a03a-47139f6b58d1,2021-11-13 19:31:53,Creator,"('37.35813', '-6.03731')"
861,a9c748d7-798d-45c2-ae3e-92be9c2dd547,2021-10-22 11:26:19,Super Creator,"('41.92361', '20.91361')"
862,1e4501db-d33e-431f-a0ff-782f81a9bd78,2021-12-13 19:22:23,Viewer,"('43.83125', '5.03586')"
863,d1fbd9ce-b21c-4771-a974-3a6fb6561a92,2021-12-01 06:18:42,Super Creator,"('32.54278', '111.50861')"
864,526b113d-eb69-4495-af20-c767deaf601d,2021-10-13 11:20:17,Gamer,"('53.49389', '-1.29243')"
865,c240b902-021a-4c1b-885d-11e3b829f0e7,2021-04-18 18:16:26,Super Gamer,"('8.48714', '-13.2356')"
866,414adc07-3e4c-4ff9-8394-59534586b652,2021-08-17 22:40:08,Super Gamer,"('-8.05389', '-34.88111')"
867,b86d3272-a6a0-449c-8d04-caa5fbd9260a,2021-11-13 19:26:29,Gamer,"('40.93333', '73')"
868,8f11d2ed-f3c3-4cd7-82bc-a010bd5c5dbc,2021-07-23 17:45:22,Viewer,"('40.24537', '-75.64963')"
869,7ba37660-5400-4493-a1be-ae97640d8fa8,2021-11-03 16:18:27,Super Creator,"('41.57721', '-93.71133')"
870,c9ef8410-b5e8-4b00-9e33-02928c65bd3e,2021-02-11 13:35:02,Viewer,"('34.15429', '3.50309')"
871,ab40ca1d-63a5-454e-8290-e535a51d2b90,2021-07-07 04:24:25,Viewer,"('51.168', '7.973')"
872,93af863e-155b-44da-93f1-6b85c0090b84,2021-03-02 11:07:51,Super Gamer,"('37.19723', '122.05228')"
873,349b7f82-b25b-43c3-9580-adbc98e833bc,2021-01-02 14:04:04,Super Gamer,"('33.93113', '-117.54866')"
874,b6222f19-ea14-469c-99c5-65cfff651ec7,2021-08-11 09:40:04,Gamer,"('50.50301', '13.63617')"
875,4db64146-3864-40d1-9908-faa3f4a04a80,2021-08-27 19:33:54,Creator,"('29.21399', '78.95693')"
876,f8e8471c-afe4-4f1d-b4b4-b364cfc9d9c7,2021-02-17 23:08:13,Super Gamer,"('-10.95817', '-38.79084')"
877,c3e2cdea-e061-4439-8d61-bd123975279b,2021-02-25 09:25:23,Super Gamer,"('37.13548', '-3.67029')"
878,fb02716a-4474-4273-bf35-08d4280997b1,2021-01-01 02:31:57,Super Creator,"('7.65649', '4.92235')"
879,e54dc2cc-3547-43a6-a87f-62ff76ad4c63,2021-02-22 18:57:08,Gamer,"('-4.83', '29.65806')"
880,8e98bb62-1771-469c-8ddb-d7557b3d7fc9,2021-07-29 03:55:48,Gamer,"('51.62907', '-0.74934')"
881,b3a31538-09d5-4f58-a906-c4dcf5e6a38c,2021-02-01 13:27:23,Super Creator,"('33.92866', '-6.90656')"
882,3251dcb9-61fc-412b-81cc-d9a3364bc12e,2021-07-29 04:24:57,Gamer,"('11.85', '38.01667')"
883,59e15d07-3cbd-4fe7-8569-d2df481ce552,2021-01-16 13:46:36,Super Creator,"('12.37169', '123.62494')"
884,6c592eb8-0204-4863-86cb-dc9bd95e7a70,2021-01-15 00:29:39,Creator,"('34.77453', '-96.67834')"
885,eb2740ff-ba20-43ff-81e8-8ad77568bf0b,2021-05-23 14:20:52,Creator,"('47.46657', '84.87144')"
886,f27a2ea0-3d95-4767-9510-cf200662a289,2021-06-09 14:05:39,Super Gamer,"('21.53889', '71.57737')"
887,023fb2b0-cefe-4421-8218-1feea88784d1,2021-10-21 20:59:51,Super Creator,"('13.51825', '99.95469')"
888,5dae78e0-0023-41a1-ad0e-2effee15455c,2021-11-11 06:10:02,Viewer,"('-3.20333', '-52.20639')"
889,2c85303b-425d-4c80-93cc-655b56a2d95d,2021-09-13 13:08:40,Creator,"('52.61131', '13.31783')"
890,ff552b27-ff14-4416-b60d-e56f947a259a,2021-09-19 14:09:42,Viewer,"('44.98901', '38.94324')"
891,34882055-769c-48a5-866b-ed5c288848b5,2021-01-12 20:44:11,Super Creator,"('50.23271', '12.87117')"
892,d3297e12-f369-4f07-a55c-05b4cab8b018,2021-07-25 10:31:42,Gamer,"('5.90702', '116.10146')"
893,0e4ad354-9767-4e8e-aecc-c0146d9bdee7,2021-11-12 10:15:37,Creator,"('-28.24', '-48.67028')"
894,fa9933ad-75d7-48c1-a885-578c8a396627,2021-06-10 21:13:39,Gamer,"('51.38673', '0.30367')"
895,f65c0e82-5648-4270-b525-e11e40a30974,2021-09-23 02:44:27,Super Gamer,"('37.73222', '115.70111')"
896,ee74e2da-c2ca-4bde-abae-06902d2a7b61,2021-12-15 01:36:54,Super Creator,"('-32.05251', '115.88782')"
897,5a75ebd7-2703-44d7-b5b3-feef5c9fa437,2021-07-05 17:23:33,Super Gamer,"('40.65995', '-111.99633')"
898,de0a33ed-23f8-4975-88e9-2927d941d2f2,2021-11-27 11:34:20,Super Creator,"('20.28527', '-103.42897')"
899,469ae040-a16d-49aa-b54b-5fed3fa0fe69,2021-05-20 18:36:02,Gamer,"('-44.39672', '171.25364')"
900,a9f27c67-6764-46bd-bbb9-98e4a261d6ec,2021-01-31 22:13:49,Super Gamer,"('19.8173', '-97.35992')"
901,acd4dd71-be26-47a4-a321-c5d6edd7c94c,2021-04-12 04:43:00,Gamer,"('10.15031', '-73.9614')"
902,c852c2b2-9a7a-4695-9f6b-97dfcdd31657,2021-06-21 17:01:36,Gamer,"('51.35084', '-1.99421')"
903,696f704a-e5ee-4ff9-9987-b62872df1dc5,2021-05-28 15:25:56,Super Gamer,"('31.76212', '-95.63079')"
904,b5c562c0-5d80-41e7-9245-b3bf83435bc7,2021-02-14 11:49:12,Creator,"('48.86667', '2.08333')"
905,eb2151e6-7988-4a4b-9948-2ccdc946ca90,2021-08-20 20:22:22,Super Gamer,"('41.54566', '-71.29144')"
906,7a3a0c86-b059-490b-b077-d2f94442281b,2021-02-10 01:36:35,Super Creator,"('40.66482', '122.22833')"
907,ca5e14a3-e5c6-4764-ac5d-d3ac7af25666,2021-04-09 11:16:26,Gamer,"('44.89784', '8.86374')"
908,3ddea751-07db-4c2d-982e-4c849029796b,2021-11-11 15:50:02,Gamer,"('33.42585', '-6.00137')"
909,e58dc7f2-eb12-4fca-8b70-b170762aebbb,2021-11-29 00:11:38,Super Creator,"('25.49043', '85.94001')"
910,8468c5a1-3195-4f8a-963a-f31039c843ce,2021-05-04 06:44:46,Creator,"('47.80527', '-122.24064')"
911,42e6e5f6-c0e3-403a-a206-068af7304294,2021-03-20 08:37:44,Super Creator,"('53.63333', '9.85')"
912,7a0a3dd6-17ad-456b-956e-ef69d719603c,2021-01-15 08:06:30,Creator,"('35.88264', '-80.08199')"
913,38683e05-8c1f-4c77-bfc6-cff7ab3237a3,2021-01-15 14:11:22,Super Gamer,"('10.12268', '77.54372')"
914,ac16f26a-6861-4644-94a7-b548f47ef770,2021-08-31 00:26:18,Viewer,"('40.55851', '17.80774')"
915,914b5910-d5c8-4747-ac02-815afdd4fafa,2021-06-13 02:26:41,Viewer,"('14.66', '120.56528')"
916,fa87b223-b300-40d3-af72-9ef7a2a7c418,2021-12-08 13:37:16,Gamer,"('52.4089', '31.3237')"
917,2a298963-1cbc-4eec-834b-ab44542ae366,2021-07-21 12:38:18,Gamer,"('45.75279', '130.57211')"
918,84094e57-433f-4497-9c7b-dd57884efcdb,2021-09-29 01:50:03,Super Creator,"('7.06273', '-1.4001')"
919,2e40aacd-27d2-4845-91e4-1461166220d4,2021-09-12 03:25:22,Gamer,"('39.45621', '-77.96389')"
920,509d4c9d-e026-4317-9c35-60373cd016e5,2021-07-06 03:23:14,Gamer,"('19.8173', '-97.35992')"
921,30e8ad07-c212-4c99-be54-793d054bd455,2021-06-30 07:23:03,Viewer,"('48.52961', '12.16179')"
922,ea8a5e6f-b717-4828-953e-6ee9774317b4,2021-08-03 02:19:13,Viewer,"('47.56494', '31.33078')"
923,db74e34f-d059-4296-8b3b-ec0c50d21f45,2021-11-05 16:04:09,Viewer,"('35.06667', '135.21667')"
924,495f4ac5-c45d-4e6c-bf21-5193239e9843,2021-01-19 16:53:37,Super Creator,"('33.92946', '-116.97725')"
925,9494f39f-1449-4074-9306-871b2d7d0988,2021-04-29 09:46:38,Gamer,"('-38.16604', '145.13643')"
926,4117c4fc-9785-48ed-a50a-e9781b418384,2021-07-17 14:06:21,Viewer,"('43.78956', '7.60872')"
927,a0c41740-503b-43f7-bd3a-878d69de0337,2021-07-30 16:21:35,Super Creator,"('-27.76952', '30.79165')"
928,c539837e-5aaa-4e96-bf31-5dcd8b8bae69,2021-02-28 10:43:31,Creator,"('-25.42778', '-49.27306')"
929,afe7adfb-8ed8-4e9e-a44e-b67af0a9d644,2021-01-27 14:52:38,Gamer,"('45.44868', '-73.81669')"
930,8142c68c-8471-4b78-9461-69684dc84cd8,2021-09-27 07:26:25,Gamer,"('33.78333', '114.51667')"
931,f84a3185-6019-40da-b846-2be4d460c5e1,2021-02-25 12:11:18,Gamer,"('40.56754', '-89.64066')"
932,fbd44305-ef42-4abe-b7c5-280a2c766ba0,2021-02-01 10:25:20,Super Gamer,"('57.14369', '-2.09814')"
933,5437d444-ce9f-43b6-9fec-7f425b7c4da1,2021-02-11 20:47:19,Creator,"('41.47892', '-87.45476')"
934,293bcb6f-c892-43aa-a92a-4729ec3513fb,2021-06-19 16:24:12,Super Creator,"('-17.73648', '168.31366')"
935,6d6a46e2-14b3-41bc-bc6e-14482adacefa,2021-05-28 16:25:22,Creator,"('13.8196', '100.04427')"
936,8f339616-72ca-4415-a339-eb104089fc0c,2021-06-16 21:24:58,Super Creator,"('34.25', '135.31667')"
937,74eabd61-8d5f-4b81-b139-e071f2634966,2021-03-13 07:20:03,Viewer,"('14.64056', '104.64992')"
938,d3249b9e-f038-43d2-8d89-8296fcde91ca,2021-05-13 12:33:27,Creator,"('32.50611', '120.14278')"
939,bc28a01c-d2ff-4f20-8d2c-d12cbd84117f,2021-06-13 13:02:02,Super Gamer,"('43.32393', '5.4584')"
940,da5a9e98-ff7e-42de-91db-871a38c39772,2021-03-07 11:58:26,Viewer,"('32.87533', '71.57118')"
941,f23fb817-da8a-448a-8666-1feb67d02f1d,2021-09-14 05:50:19,Gamer,"('31.39547', '34.75699')"
942,abed6038-1652-4ea2-8df1-a0bb5b33af28,2021-11-18 13:47:32,Super Gamer,"('31.12406', '-97.90308')"
943,3c393bf9-3cf0-4e6c-b0dd-b83a3089f53a,2021-02-01 20:00:59,Super Creator,"('51.40944', '46.04833')"
944,53274ab6-2671-433c-87d9-87a4ada67987,2021-03-02 01:46:17,Super Gamer,"('18.00747', '-76.78319')"
945,8ecacdb1-51cc-41d9-9751-89fab61265cb,2021-08-10 18:25:36,Super Gamer,"('25.92127', '86.79271')"
946,c21f25bf-6cb5-4d95-8bec-daaea49ca887,2021-09-19 10:10:20,Creator,"('-29.2975', '-51.50361')"
947,82c3ccd4-b457-43c6-b640-5913977dbde2,2021-06-13 16:08:49,Creator,"('10.22677', '-67.33122')"
948,d7b3ff9b-b8e2-45f5-85f5-c1536734af79,2021-05-26 09:47:08,Creator,"('33.43443', '-5.22126')"
949,d212350b-9091-421e-9eb4-46aea5e34b3b,2021-12-10 04:21:22,Creator,"('55.38752', '36.73307')"
950,baa13d7f-448e-4167-b4ae-05e811dff016,2021-11-04 23:21:08,Gamer,"('50.71229', '4.52529')"
951,91b43f94-b11b-4843-b0b0-ce675a8151ef,2021-10-15 14:41:34,Super Gamer,"('56.11281', '69.49015')"
952,40e0ca52-e849-47b5-a1b9-d86823f3d4b2,2021-10-18 15:19:58,Gamer,"('35.74788', '-95.36969')"
953,53e37d5b-b148-401e-884c-7d6b3123d7dc,2021-11-18 10:06:38,Gamer,"('42.64031', '125.51176')"
954,abc5947d-72c5-40f9-8fd3-9cbf894bbf19,2021-10-01 07:02:55,Super Creator,"('-33.79176', '151.08057')"
955,ddbefcf5-88b6-4333-aab4-e46efbaf17b6,2021-11-21 13:27:29,Super Gamer,"('47.80527', '-122.24064')"
956,fa398789-bac2-4680-b080-773455694504,2021-12-11 23:44:42,Super Creator,"('46.51872', '86.00214')"
957,d2b4b954-a420-4929-8748-d4d1f6e41394,2021-02-16 12:19:45,Gamer,"('-25.42944', '-50.00639')"
958,0e3fdbba-8b38-4d16-aa26-ee92b336bdce,2021-06-11 21:30:10,Super Gamer,"('8.48714', '-13.2356')"
959,90ce6c6a-4d7b-402d-9437-51a1b401712c,2021-11-30 15:29:46,Super Creator,"('36.61033', '-88.31476')"
960,1b9d47d6-190e-4dae-8a69-2476aab01866,2021-03-29 00:51:38,Gamer,"('17.30858', '97.01124')"
961,e1f9ba5b-2039-4f13-990b-2235897ae30b,2021-12-11 17:11:40,Viewer,"('37.51803', '15.00913')"
962,f03d1c0b-b8e3-42c7-a2aa-34b8526c91f4,2021-06-25 00:00:35,Viewer,"('8.43333', '99.96667')"
963,803aa254-541d-402e-a720-d7659c8b93af,2021-11-12 00:42:40,Gamer,"('4.88441', '101.96857')"
964,1ec24fc3-4327-45b5-a33e-3accc3096544,2021-07-06 02:18:25,Super Creator,"('-20.25333', '-43.80139')"
965,8db2cece-596a-424d-ac0c-a05f8df47303,2021-02-26 16:57:10,Creator,"('33.72255', '-116.37697')"
966,1ca14264-6a5b-460e-9192-721c93373d56,2021-01-19 03:27:08,Super Creator,"('45.43341', '-73.86586')"
967,db971786-f59e-42f0-be99-d21c6414dd01,2021-06-23 13:56:06,Gamer,"('27.34089', '117.4831')"
968,e3c793f4-ec17-4a98-bf62-43eba91e8cba,2021-07-26 19:41:00,Gamer,"('6.9909', '79.883')"
969,d1899939-d13d-42a1-af81-73f473b952c1,2021-03-06 14:33:58,Super Creator,"('14.64056', '104.64992')"
970,f0cbf1a4-c62a-404f-9041-8c5d75600ada,2021-08-25 16:41:51,Gamer,"('58.04254', '65.27258')"
971,9b9620dd-880e-45e9-a0d2-561b463f74b9,2021-08-27 15:43:58,Creator,"('51.40148', '-1.32471')"
972,66a5a0f7-29cc-4879-9e09-b9b5c4ab6616,2021-02-13 10:24:06,Creator,"('37.05944', '37.3825')"
973,ceee072d-b6a3-4b02-9f7c-aebe25f1f943,2021-07-16 09:10:36,Viewer,"('48.35149', '8.96317')"
974,2d5939d8-0b82-46c5-a3f6-043eeaf54235,2021-02-11 13:03:56,Super Creator,"('16.68911', '98.50893')"
975,4b946680-ce18-49dc-886c-fbe85fc962b9,2021-12-13 06:13:50,Super Creator,"('40.72586', '8.55552')"
976,ce871e5a-123f-4070-9cc6-abdb9a3f4602,2021-09-25 16:38:53,Super Gamer,"('50.64336', '7.2278')"
977,7d95181f-3972-46fc-961a-6369c17dcf7d,2021-03-25 05:48:12,Super Gamer,"('34.25628', '-78.04471')"
978,787839f4-0bcf-4dcf-919d-d399e7559dc7,2021-05-19 15:27:28,Viewer,"('48.8222', '2.12213')"
979,3b1dec48-c678-4950-b4fe-82cdb6e6cd31,2021-07-23 14:19:18,Gamer,"('-8.76194', '-63.90389')"
980,966bdb30-f9fa-4264-bb32-66fe2ef45fc9,2021-04-06 21:17:18,Creator,"('-2.90055', '-79.00453')"
981,5fb64dcf-8b43-46cf-bc2f-9eb7f419002e,2021-08-03 14:32:50,Super Creator,"('35.06544', '1.04945')"
982,fb05bd0d-1352-4d64-8bfe-3200b8d191f8,2021-05-06 16:56:57,Super Creator,"('44.92801', '4.8951')"
983,39cd5274-69c6-4b2a-9026-455e7ea7ebe9,2021-01-25 09:38:27,Viewer,"('34.65918', '109.22921')"
984,3e350d02-ebab-4932-9010-dd6db50ad129,2021-11-09 21:59:51,Super Creator,"('-4.16694', '-40.7475')"
985,73f91baf-b007-497f-b76b-2d525ed863c7,2021-08-01 11:09:44,Super Gamer,"('47.4943', '-122.24092')"
986,0908d368-2378-4151-b75b-57c2b24527d0,2021-05-02 18:56:55,Gamer,"('49.68369', '8.61839')"
987,fca4d814-f848-46d0-bf83-e33a7091553c,2021-10-29 20:18:26,Creator,"('3.27833', '32.88667')"
988,ef258e68-3c74-4dd6-8ac2-15ef34cac3a1,2021-02-10 14:11:44,Viewer,"('50.9803', '11.32903')"
989,235460cf-4ee3-4573-a67a-655b74752ee4,2021-07-31 19:39:36,Creator,"('33.35283', '-111.78903')"
990,17e69a04-8362-43d0-a990-e53766e705b8,2021-06-02 03:09:12,Super Gamer,"('-10.95817', '-38.79084')"
991,b9e4547f-1192-43b5-b130-f115a5fea6c5,2021-12-06 01:27:16,Viewer,"('20.28527', '-103.42897')"
992,3672d91d-8a7c-4d8b-be63-28059600fbdd,2021-07-01 07:18:40,Super Gamer,"('36.61033', '-88.31476')"
993,e3554749-d9b3-4c03-821d-c605eecad0b1,2021-01-12 10:43:27,Super Gamer,"('55.62047', '37.49338')"
994,fb226113-732b-47ae-8974-815c6dfe5cbc,2021-02-11 17:01:20,Viewer,"('33.35283', '-111.78903')"
995,d91c5e9a-ed7e-4f4a-b62b-ddabe069198a,2021-11-15 15:16:47,Viewer,"('-23.44361', '-51.87389')"
996,b80a25b8-a567-449c-af7a-420c46254112,2021-03-26 22:23:00,Creator,"('54.48147', '53.47103')"
997,3d27e9ff-bc73-47f7-a51d-3047e6ec959f,2021-08-28 20:45:04,Super Gamer,"('18.87813', '72.93924')"
998,84e57e9b-4e2e-408b-a351-2aedf85a207c,2021-04-15 10:35:55,Viewer,"('31.92923', '34.86563')"
999,471e1687-07ba-4bb6-8341-839bd3d7c851,2021-05-01 09:08:13,Viewer,"('27.76056', '-15.58602')"
